"Longitude (x)","Latitude (y)","Station Name","Climate ID","Date/Time (LST)","Year","Month","Day","Time (LST)","Temp (°C)","Temp Flag","Dew Point Temp (°C)","Dew Point Temp Flag","Rel Hum (%)","Rel Hum Flag","Precip. Amount (mm)","Precip. Amount Flag","Wind Dir (10s deg)","Wind Dir Flag","Wind Spd (km/h)","Wind Spd Flag","Visibility (km)","Visibility Flag","Stn Press (kPa)","Stn Press Flag","Hmdx","Hmdx Flag","Wind Chill","Wind Chill Flag","Weather"
"-114.02","51.11","CALGARY INT'L A","3031093","2012-07-01 00:00","2012","07","01","00:00","16.0","","9.4","","65","","","","20","","13","","24.1","","88.63","","","","","","Mostly Cloudy"
"-114.02","51.11","CALGARY INT'L A","3031093","2012-07-01 01:00","2012","07","01","01:00","15.7","","9.2","","65","","","","24","","9","","24.1","","88.59","","","","","","Mostly Cloudy"
"-114.02","51.11","CALGARY INT'L A","3031093","2012-07-01 02:00","2012","07","01","02:00","15.7","","8.9","","64","","","","24","","11","","24.1","","88.55","","","","","","Mostly Cloudy"
"-114.02","51.11","CALGARY INT'L A","3031093","2012-07-01 03:00","2012","07","01","03:00","14.7","","9.1","","69","","","","14","","4","","24.1","","88.57","","","","","","Mostly Cloudy"
"-114.02","51.11","CALGARY INT'L A","3031093","2012-07-01 04:00","2012","07","01","04:00","14.6","","9.0","","69","","","","17","","6","","24.1","","88.55","","","","","","Cloudy"
"-114.02","51.11","CALGARY INT'L A","3031093","2012-07-01 05:00","2012","07","01","05:00","14.9","","8.5","","66","","","","25","","6","","48.3","","88.56","","","","","","Mostly Cloudy"
"-114.02","51.11","CALGARY INT'L A","3031093","2012-07-01 06:00","2012","07","01","06:00","14.6","","8.9","","69","","","","22","","4","","64.4","","88.58","","","","","","Mainly Clear"
"-114.02","51.11","CALGARY INT'L A","3031093","2012-07-01 07:00","2012","07","01","07:00","16.7","","9.8","","64","","","","28","","4","","64.4","","88.59","","","","","","Mostly Cloudy"
"-114.02","51.11","CALGARY INT'L A","3031093","2012-07-01 08:00","2012","07","01","08:00","19.4","","9.2","","52","","","","31","","22","","64.4","","88.62","","","","","","Mostly Cloudy"
"-114.02","51.11","CALGARY INT'L A","3031093","2012-07-01 09:00","2012","07","01","09:00","20.0","","8.7","","48","","","","2","","13","","64.4","","88.64","","","","","","Mainly Clear"
"-114.02","51.11","CALGARY INT'L A","3031093","2012-07-01 10:00","2012","07","01","10:00","20.1","","10.4","","54","","","","36","","17","","64.4","","88.65","","","","","","Mainly Clear"
"-114.02","51.11","CALGARY INT'L A","3031093","2012-07-01 11:00","2012","07","01","11:00","20.7","","10.9","","53","","","","","","0","","64.4","","88.66","","","","","","Mainly Clear"
"-114.02","51.11","CALGARY INT'L A","3031093","2012-07-01 12:00","2012","07","01","12:00","20.8","","10.4","","51","","","","9","","6","","64.4","","88.64","","","","","","Thunderstorms"
"-114.02","51.11","CALGARY INT'L A","3031093","2012-07-01 13:00","2012","07","01","13:00","21.4","","11.4","","53","","","","11","","15","","64.4","","88.62","","","","","","Mostly Cloudy"
"-114.02","51.11","CALGARY INT'L A","3031093","2012-07-01 14:00","2012","07","01","14:00","22.2","","10.4","","47","","","","13","","17","","64.4","","88.62","","","","","","Mostly Cloudy"
"-114.02","51.11","CALGARY INT'L A","3031093","2012-07-01 15:00","2012","07","01","15:00","21.3","","10.6","","50","","","","17","","13","","64.4","","88.62","","","","","","Mainly Clear"
"-114.02","51.11","CALGARY INT'L A","3031093","2012-07-01 16:00","2012","07","01","16:00","22.2","","13.2","","57","","","","13","","22","","64.4","","88.61","","25","","","","Mainly Clear"
"-114.02","51.11","CALGARY INT'L A","3031093","2012-07-01 17:00","2012","07","01","17:00","21.9","","11.9","","53","","","","12","","17","","64.4","","88.61","","","","","","Mainly Clear"
"-114.02","51.11","CALGARY INT'L A","3031093","2012-07-01 18:00","2012","07","01","18:00","21.5","","12.0","","55","","","","16","","15","","64.4","","88.60","","","","","","Mainly Clear"
"-114.02","51.11","CALGARY INT'L A","3031093","2012-07-01 19:00","2012","07","01","19:00","20.6","","11.9","","57","","","","15","","13","","48.3","","88.59","","","","","","Mostly Cloudy"
"-114.02","51.11","CALGARY INT'L A","3031093","2012-07-01 20:00","2012","07","01","20:00","17.2","","11.8","","71","","","","3","","22","","32.2","","88.69","","","","","","Mostly Cloudy"
"-114.02","51.11","CALGARY INT'L A","3031093","2012-07-01 21:00","2012","07","01","21:00","14.5","","11.8","","84","","","","1","","30","","16.1","","88.82","","","","","","Thunderstorms,Moderate Rain Showers"
"-114.02","51.11","CALGARY INT'L A","3031093","2012-07-01 22:00","2012","07","01","22:00","12.5","","11.4","","93","","","","36","","13","","24.1","","88.84","","","","","","Mostly Cloudy"
"-114.02","51.11","CALGARY INT'L A","3031093","2012-07-01 23:00","2012","07","01","23:00","12.0","","10.7","","92","","","","31","","13","","24.1","","88.89","","","","","","Mainly Clear"
"-114.02","51.11","CALGARY INT'L A","3031093","2012-07-02 00:00","2012","07","02","00:00","11.9","","10.0","","88","","","","33","","6","","24.1","","88.91","","","","","","Clear"
"-114.02","51.11","CALGARY INT'L A","3031093","2012-07-02 01:00","2012","07","02","01:00","11.5","","10.3","","92","","","","4","","4","","24.1","","88.93","","","","","","Mainly Clear"
"-114.02","51.11","CALGARY INT'L A","3031093","2012-07-02 02:00","2012","07","02","02:00","10.3","","9.2","","93","","","","34","","7","","24.1","","88.95","","","","","","Mainly Clear"
"-114.02","51.11","CALGARY INT'L A","3031093","2012-07-02 03:00","2012","07","02","03:00","10.2","","9.4","","95","","","","33","","6","","24.1","","88.96","","","","","","Mainly Clear"
"-114.02","51.11","CALGARY INT'L A","3031093","2012-07-02 04:00","2012","07","02","04:00","8.9","","8.4","","97","","","","33","","6","","25.0","","88.99","","","","","","Mainly Clear"
"-114.02","51.11","CALGARY INT'L A","3031093","2012-07-02 05:00","2012","07","02","05:00","9.5","","8.9","","96","","","","24","","9","","64.4","","89.01","","","","","","Mostly Cloudy"
"-114.02","51.11","CALGARY INT'L A","3031093","2012-07-02 06:00","2012","07","02","06:00","11.3","","9.8","","90","","","","22","","6","","64.4","","89.03","","","","","","Mainly Clear"
"-114.02","51.11","CALGARY INT'L A","3031093","2012-07-02 07:00","2012","07","02","07:00","13.3","","10.8","","85","","","","20","","7","","64.4","","89.05","","","","","","Mostly Cloudy"
"-114.02","51.11","CALGARY INT'L A","3031093","2012-07-02 08:00","2012","07","02","08:00","15.2","","11.2","","77","","","","20","","11","","64.4","","89.04","","","","","","Mostly Cloudy"
"-114.02","51.11","CALGARY INT'L A","3031093","2012-07-02 09:00","2012","07","02","09:00","16.5","","11.3","","71","","","","17","","11","","64.4","","89.01","","","","","","Mostly Cloudy"
"-114.02","51.11","CALGARY INT'L A","3031093","2012-07-02 10:00","2012","07","02","10:00","17.6","","12.1","","70","","","","18","","11","","64.4","","88.99","","","","","","Mostly Cloudy"
"-114.02","51.11","CALGARY INT'L A","3031093","2012-07-02 11:00","2012","07","02","11:00","19.1","","10.2","","56","","","","18","","15","","64.4","","88.96","","","","","","Mostly Cloudy"
"-114.02","51.11","CALGARY INT'L A","3031093","2012-07-02 12:00","2012","07","02","12:00","20.5","","8.1","","45","","","","17","","22","","64.4","","88.90","","","","","","Mostly Cloudy"
"-114.02","51.11","CALGARY INT'L A","3031093","2012-07-02 13:00","2012","07","02","13:00","21.0","","7.6","","42","","","","18","","15","","64.4","","88.84","","","","","","Mostly Cloudy"
"-114.02","51.11","CALGARY INT'L A","3031093","2012-07-02 14:00","2012","07","02","14:00","22.0","","9.0","","43","","","","18","","22","","64.4","","88.80","","","","","","Mostly Cloudy"
"-114.02","51.11","CALGARY INT'L A","3031093","2012-07-02 15:00","2012","07","02","15:00","22.5","","7.5","","38","","","","17","","24","","64.4","","88.73","","","","","","Mostly Cloudy"
"-114.02","51.11","CALGARY INT'L A","3031093","2012-07-02 16:00","2012","07","02","16:00","22.7","","9.3","","42","","","","14","","26","","64.4","","88.67","","","","","","Mostly Cloudy"
"-114.02","51.11","CALGARY INT'L A","3031093","2012-07-02 17:00","2012","07","02","17:00","22.8","","10.8","","47","","","","15","","20","","64.4","","88.63","","","","","","Mostly Cloudy"
"-114.02","51.11","CALGARY INT'L A","3031093","2012-07-02 18:00","2012","07","02","18:00","22.6","","10.0","","45","","","","14","","26","","64.4","","88.55","","","","","","Mostly Cloudy"
"-114.02","51.11","CALGARY INT'L A","3031093","2012-07-02 19:00","2012","07","02","19:00","21.8","","11.0","","50","","","","14","","33","","48.3","","88.52","","","","","","Mainly Clear"
"-114.02","51.11","CALGARY INT'L A","3031093","2012-07-02 20:00","2012","07","02","20:00","20.9","","11.3","","54","","","","15","","26","","48.3","","88.49","","","","","","Mainly Clear"
"-114.02","51.11","CALGARY INT'L A","3031093","2012-07-02 21:00","2012","07","02","21:00","19.1","","10.0","","56","","","","17","","19","","48.3","","88.49","","","","","","Mainly Clear"
"-114.02","51.11","CALGARY INT'L A","3031093","2012-07-02 22:00","2012","07","02","22:00","16.6","","8.4","","58","","","","17","","11","","24.1","","88.49","","","","","","Clear"
"-114.02","51.11","CALGARY INT'L A","3031093","2012-07-02 23:00","2012","07","02","23:00","16.4","","7.1","","54","","","","20","","15","","24.1","","88.46","","","","","","Clear"
"-114.02","51.11","CALGARY INT'L A","3031093","2012-07-03 00:00","2012","07","03","00:00","16.6","","5.1","","47","","","","22","","13","","25.0","","88.43","","","","","","Clear"
"-114.02","51.11","CALGARY INT'L A","3031093","2012-07-03 01:00","2012","07","03","01:00","15.5","","5.0","","50","","","","4","","7","","24.1","","88.37","","","","","","Mostly Cloudy"
"-114.02","51.11","CALGARY INT'L A","3031093","2012-07-03 02:00","2012","07","03","02:00","15.5","","5.0","","50","","","","20","","15","","24.1","","88.33","","","","","","Mostly Cloudy"
"-114.02","51.11","CALGARY INT'L A","3031093","2012-07-03 03:00","2012","07","03","03:00","13.4","","7.9","","69","","","","27","","15","","24.1","","88.29","","","","","","Mostly Cloudy"
"-114.02","51.11","CALGARY INT'L A","3031093","2012-07-03 04:00","2012","07","03","04:00","13.5","","8.4","","71","","","","3","","4","","25.0","","88.20","","","","","","Mostly Cloudy"
"-114.02","51.11","CALGARY INT'L A","3031093","2012-07-03 05:00","2012","07","03","05:00","13.1","","6.4","","64","","","","17","","13","","48.3","","88.22","","","","","","Cloudy"
"-114.02","51.11","CALGARY INT'L A","3031093","2012-07-03 06:00","2012","07","03","06:00","13.4","","6.3","","62","","","","17","","9","","48.3","","88.15","","","","","","Cloudy"
"-114.02","51.11","CALGARY INT'L A","3031093","2012-07-03 07:00","2012","07","03","07:00","14.4","","9.5","","72","","","","20","","13","","48.3","","88.14","","","","","","Rain Showers"
"-114.02","51.11","CALGARY INT'L A","3031093","2012-07-03 08:00","2012","07","03","08:00","14.1","","10.7","","80","","","","15","","15","","48.3","","88.03","","","","","","Mostly Cloudy"
"-114.02","51.11","CALGARY INT'L A","3031093","2012-07-03 09:00","2012","07","03","09:00","14.9","","10.5","","75","","","","17","","24","","48.3","","87.95","","","","","","Mostly Cloudy"
"-114.02","51.11","CALGARY INT'L A","3031093","2012-07-03 10:00","2012","07","03","10:00","15.1","","10.5","","74","","","","16","","24","","48.3","","87.88","","","","","","Mostly Cloudy"
"-114.02","51.11","CALGARY INT'L A","3031093","2012-07-03 11:00","2012","07","03","11:00","17.6","","11.6","","68","","","","16","","28","","48.3","","87.77","","","","","","Mostly Cloudy"
"-114.02","51.11","CALGARY INT'L A","3031093","2012-07-03 12:00","2012","07","03","12:00","19.9","","6.0","","40","","","","24","","37","","64.4","","87.74","","","","","","Mostly Cloudy"
"-114.02","51.11","CALGARY INT'L A","3031093","2012-07-03 13:00","2012","07","03","13:00","17.8","","3.4","","38","","","","24","","41","","48.3","","87.82","","","","","","Mostly Cloudy"
"-114.02","51.11","CALGARY INT'L A","3031093","2012-07-03 14:00","2012","07","03","14:00","16.6","","3.3","","41","","","","25","","56","","64.4","","87.87","","","","","","Mostly Cloudy"
"-114.02","51.11","CALGARY INT'L A","3031093","2012-07-03 15:00","2012","07","03","15:00","16.1","","4.0","","44","","","","23","","37","","64.4","","87.91","","","","","","Mostly Cloudy"
"-114.02","51.11","CALGARY INT'L A","3031093","2012-07-03 16:00","2012","07","03","16:00","18.2","","3.0","","36","","","","23","","35","","64.4","","87.87","","","","","","Mostly Cloudy"
"-114.02","51.11","CALGARY INT'L A","3031093","2012-07-03 17:00","2012","07","03","17:00","18.5","","2.1","","33","","","","23","","33","","64.4","","87.84","","","","","","Mostly Cloudy"
"-114.02","51.11","CALGARY INT'L A","3031093","2012-07-03 18:00","2012","07","03","18:00","16.1","","2.0","","39","","","","27","","37","","64.4","","87.90","","","","","","Mostly Cloudy"
"-114.02","51.11","CALGARY INT'L A","3031093","2012-07-03 19:00","2012","07","03","19:00","16.1","","3.1","","42","","","","25","","28","","48.3","","87.90","","","","","","Mainly Clear"
"-114.02","51.11","CALGARY INT'L A","3031093","2012-07-03 20:00","2012","07","03","20:00","15.4","","1.7","","39","","","","25","","30","","48.3","","87.96","","","","","","Mostly Cloudy"
"-114.02","51.11","CALGARY INT'L A","3031093","2012-07-03 21:00","2012","07","03","21:00","14.1","","0.6","","40","","","","26","","28","","25.0","","88.04","","","","","","Mostly Cloudy"
"-114.02","51.11","CALGARY INT'L A","3031093","2012-07-03 22:00","2012","07","03","22:00","13.5","","0.6","","41","","","","27","","32","","24.1","","88.06","","","","","","Mainly Clear"
"-114.02","51.11","CALGARY INT'L A","3031093","2012-07-03 23:00","2012","07","03","23:00","13.6","","0.2","","40","","","","26","","28","","24.1","","88.07","","","","","","Mostly Cloudy"
"-114.02","51.11","CALGARY INT'L A","3031093","2012-07-04 00:00","2012","07","04","00:00","14.5","","-0.9","","35","","","","26","","41","","24.1","","88.07","","","","","","Mostly Cloudy"
"-114.02","51.11","CALGARY INT'L A","3031093","2012-07-04 01:00","2012","07","04","01:00","14.3","","-0.5","","36","","","","26","","28","","24.1","","88.13","","","","","","Mostly Cloudy"
"-114.02","51.11","CALGARY INT'L A","3031093","2012-07-04 02:00","2012","07","04","02:00","14.2","","-0.7","","36","","","","27","","35","","24.1","","88.16","","","","","","Mostly Cloudy"
"-114.02","51.11","CALGARY INT'L A","3031093","2012-07-04 03:00","2012","07","04","03:00","13.5","","-0.5","","38","","","","28","","24","","24.1","","88.21","","","","","","Mostly Cloudy"
"-114.02","51.11","CALGARY INT'L A","3031093","2012-07-04 04:00","2012","07","04","04:00","13.1","","-0.5","","39","","","","26","","26","","32.2","","88.27","","","","","","Mainly Clear"
"-114.02","51.11","CALGARY INT'L A","3031093","2012-07-04 05:00","2012","07","04","05:00","12.8","","-0.2","","41","","","","26","","19","","48.3","","88.30","","","","","","Mainly Clear"
"-114.02","51.11","CALGARY INT'L A","3031093","2012-07-04 06:00","2012","07","04","06:00","13.6","","0.1","","40","","","","26","","33","","64.4","","88.37","","","","","","Mainly Clear"
"-114.02","51.11","CALGARY INT'L A","3031093","2012-07-04 07:00","2012","07","04","07:00","14.9","","0.1","","36","","","","27","","44","","64.4","","88.43","","","","","","Mainly Clear"
"-114.02","51.11","CALGARY INT'L A","3031093","2012-07-04 08:00","2012","07","04","08:00","15.9","","0.6","","35","","","","26","","48","","64.4","","88.49","","","","","","Mainly Clear"
"-114.02","51.11","CALGARY INT'L A","3031093","2012-07-04 09:00","2012","07","04","09:00","16.8","","1.3","","35","","","","27","","44","","64.4","","88.54","","","","","","Mainly Clear"
"-114.02","51.11","CALGARY INT'L A","3031093","2012-07-04 10:00","2012","07","04","10:00","17.5","","1.6","","34","","","","27","","32","","64.4","","88.62","","","","","","Mainly Clear"
"-114.02","51.11","CALGARY INT'L A","3031093","2012-07-04 11:00","2012","07","04","11:00","17.9","","2.0","","34","","","","28","","39","","64.4","","88.67","","","","","","Mostly Cloudy"
"-114.02","51.11","CALGARY INT'L A","3031093","2012-07-04 12:00","2012","07","04","12:00","18.6","","3.8","","37","","","","31","","24","","64.4","","88.75","","","","","","Mostly Cloudy"
"-114.02","51.11","CALGARY INT'L A","3031093","2012-07-04 13:00","2012","07","04","13:00","18.2","","6.0","","45","","","","2","","13","","64.4","","88.81","","","","","","Mostly Cloudy"
"-114.02","51.11","CALGARY INT'L A","3031093","2012-07-04 14:00","2012","07","04","14:00","18.5","","5.8","","43","","","","3","","17","","64.4","","88.84","","","","","","Mostly Cloudy"
"-114.02","51.11","CALGARY INT'L A","3031093","2012-07-04 15:00","2012","07","04","15:00","17.8","","8.0","","53","","","","2","","32","","64.4","","88.90","","","","","","Mostly Cloudy"
"-114.02","51.11","CALGARY INT'L A","3031093","2012-07-04 16:00","2012","07","04","16:00","17.5","","8.2","","54","","","","2","","26","","64.4","","88.95","","","","","","Mainly Clear"
"-114.02","51.11","CALGARY INT'L A","3031093","2012-07-04 17:00","2012","07","04","17:00","17.0","","8.4","","57","","","","3","","19","","64.4","","89.00","","","","","","Mainly Clear"
"-114.02","51.11","CALGARY INT'L A","3031093","2012-07-04 18:00","2012","07","04","18:00","16.7","","7.7","","55","","","","3","","20","","64.4","","89.03","","","","","","Mainly Clear"
"-114.02","51.11","CALGARY INT'L A","3031093","2012-07-04 19:00","2012","07","04","19:00","16.0","","7.9","","59","","","","3","","22","","64.4","","89.06","","","","","","Mainly Clear"
"-114.02","51.11","CALGARY INT'L A","3031093","2012-07-04 20:00","2012","07","04","20:00","15.5","","7.4","","58","","","","5","","17","","48.3","","89.12","","","","","","Mainly Clear"
"-114.02","51.11","CALGARY INT'L A","3031093","2012-07-04 21:00","2012","07","04","21:00","13.6","","9.3","","75","","","","4","","9","","48.3","","89.19","","","","","","Rain Showers"
"-114.02","51.11","CALGARY INT'L A","3031093","2012-07-04 22:00","2012","07","04","22:00","12.6","","8.3","","75","","","","8","","7","","25.0","","89.21","","","","","","Mainly Clear"
"-114.02","51.11","CALGARY INT'L A","3031093","2012-07-04 23:00","2012","07","04","23:00","12.6","","6.6","","67","","","","13","","7","","25.0","","89.25","","","","","","Mainly Clear"
"-114.02","51.11","CALGARY INT'L A","3031093","2012-07-05 00:00","2012","07","05","00:00","10.9","","6.5","","74","","","","14","","9","","25.0","","89.27","","","","","","Mainly Clear"
"-114.02","51.11","CALGARY INT'L A","3031093","2012-07-05 01:00","2012","07","05","01:00","10.4","","7.0","","79","","","","","","0","","25.0","","89.27","","","","","","Mainly Clear"
"-114.02","51.11","CALGARY INT'L A","3031093","2012-07-05 02:00","2012","07","05","02:00","9.5","","6.8","","83","","","","33","","9","","25.0","","89.27","","","","","","Mainly Clear"
"-114.02","51.11","CALGARY INT'L A","3031093","2012-07-05 03:00","2012","07","05","03:00","8.6","","6.4","","86","","","","33","","6","","25.0","","89.26","","","","","","Mainly Clear"
"-114.02","51.11","CALGARY INT'L A","3031093","2012-07-05 04:00","2012","07","05","04:00","8.2","","6.1","","87","","","","","","0","","32.2","","89.29","","","","","","Mainly Clear"
"-114.02","51.11","CALGARY INT'L A","3031093","2012-07-05 05:00","2012","07","05","05:00","8.2","","5.8","","85","","","","","","0","","48.3","","89.31","","","","","","Mainly Clear"
"-114.02","51.11","CALGARY INT'L A","3031093","2012-07-05 06:00","2012","07","05","06:00","9.8","","7.4","","85","","","","18","","4","","64.4","","89.34","","","","","","Mainly Clear"
"-114.02","51.11","CALGARY INT'L A","3031093","2012-07-05 07:00","2012","07","05","07:00","12.5","","9.2","","80","","","","","","0","","64.4","","89.34","","","","","","Mainly Clear"
"-114.02","51.11","CALGARY INT'L A","3031093","2012-07-05 08:00","2012","07","05","08:00","13.9","","9.0","","72","","","","18","","7","","64.4","","89.33","","","","","","Mainly Clear"
"-114.02","51.11","CALGARY INT'L A","3031093","2012-07-05 09:00","2012","07","05","09:00","15.7","","9.5","","67","","","","18","","11","","64.4","","89.31","","","","","","Mainly Clear"
"-114.02","51.11","CALGARY INT'L A","3031093","2012-07-05 10:00","2012","07","05","10:00","16.8","","9.8","","63","","","","16","","13","","64.4","","89.32","","","","","","Mainly Clear"
"-114.02","51.11","CALGARY INT'L A","3031093","2012-07-05 11:00","2012","07","05","11:00","17.8","","10.3","","61","","","","17","","17","","64.4","","89.28","","","","","","Mainly Clear"
"-114.02","51.11","CALGARY INT'L A","3031093","2012-07-05 12:00","2012","07","05","12:00","18.6","","9.9","","57","","","","14","","17","","64.4","","89.24","","","","","","Mainly Clear"
"-114.02","51.11","CALGARY INT'L A","3031093","2012-07-05 13:00","2012","07","05","13:00","19.6","","8.8","","50","","","","15","","22","","64.4","","89.24","","","","","","Mainly Clear"
"-114.02","51.11","CALGARY INT'L A","3031093","2012-07-05 14:00","2012","07","05","14:00","20.0","","9.3","","50","","","","12","","24","","64.4","","89.23","","","","","","Mainly Clear"
"-114.02","51.11","CALGARY INT'L A","3031093","2012-07-05 15:00","2012","07","05","15:00","19.6","","9.0","","50","","","","12","","20","","64.4","","89.20","","","","","","Mainly Clear"
"-114.02","51.11","CALGARY INT'L A","3031093","2012-07-05 16:00","2012","07","05","16:00","20.7","","10.1","","51","","","","11","","22","","64.4","","89.17","","","","","","Mainly Clear"
"-114.02","51.11","CALGARY INT'L A","3031093","2012-07-05 17:00","2012","07","05","17:00","19.6","","9.9","","53","","","","11","","20","","64.4","","89.11","","","","","","Thunderstorms"
"-114.02","51.11","CALGARY INT'L A","3031093","2012-07-05 18:00","2012","07","05","18:00","12.4","","10.1","","86","","","","8","","17","","48.3","","89.20","","","","","","Thunderstorms"
"-114.02","51.11","CALGARY INT'L A","3031093","2012-07-05 19:00","2012","07","05","19:00","15.0","","11.9","","82","","","","10","","7","","48.3","","89.22","","","","","","Mainly Clear"
"-114.02","51.11","CALGARY INT'L A","3031093","2012-07-05 20:00","2012","07","05","20:00","15.4","","11.2","","76","","","","9","","9","","48.3","","89.25","","","","","","Mainly Clear"
"-114.02","51.11","CALGARY INT'L A","3031093","2012-07-05 21:00","2012","07","05","21:00","13.2","","10.4","","83","","","","2","","15","","48.3","","89.34","","","","","","Mainly Clear"
"-114.02","51.11","CALGARY INT'L A","3031093","2012-07-05 22:00","2012","07","05","22:00","12.2","","9.2","","82","","","","36","","15","","25.0","","89.42","","","","","","Rain Showers"
"-114.02","51.11","CALGARY INT'L A","3031093","2012-07-05 23:00","2012","07","05","23:00","11.0","","8.3","","83","","","","36","","13","","25.0","","89.45","","","","","","Thunderstorms"
"-114.02","51.11","CALGARY INT'L A","3031093","2012-07-06 00:00","2012","07","06","00:00","10.6","","7.8","","83","","","","32","","17","","25.0","","89.48","","","","","","Thunderstorms"
"-114.02","51.11","CALGARY INT'L A","3031093","2012-07-06 01:00","2012","07","06","01:00","10.2","","7.5","","83","","","","30","","11","","25.0","","89.54","","","","","","Mainly Clear"
"-114.02","51.11","CALGARY INT'L A","3031093","2012-07-06 02:00","2012","07","06","02:00","9.9","","7.3","","84","","","","34","","9","","25.0","","89.56","","","","","","Mostly Cloudy"
"-114.02","51.11","CALGARY INT'L A","3031093","2012-07-06 03:00","2012","07","06","03:00","10.2","","8.0","","86","","","","30","","7","","25.0","","89.57","","","","","","Mostly Cloudy"
"-114.02","51.11","CALGARY INT'L A","3031093","2012-07-06 04:00","2012","07","06","04:00","9.9","","8.0","","88","","","","36","","6","","25.0","","89.61","","","","","","Mostly Cloudy"
"-114.02","51.11","CALGARY INT'L A","3031093","2012-07-06 05:00","2012","07","06","05:00","10.3","","8.2","","87","","","","","","0","","32.2","","89.65","","","","","","Mostly Cloudy"
"-114.02","51.11","CALGARY INT'L A","3031093","2012-07-06 06:00","2012","07","06","06:00","10.7","","8.2","","85","","","","30","","4","","48.3","","89.69","","","","","","Mostly Cloudy"
"-114.02","51.11","CALGARY INT'L A","3031093","2012-07-06 07:00","2012","07","06","07:00","13.3","","9.3","","77","","","","11","","4","","64.4","","89.73","","","","","","Mainly Clear"
"-114.02","51.11","CALGARY INT'L A","3031093","2012-07-06 08:00","2012","07","06","08:00","14.3","","9.0","","70","","","","","","0","","64.4","","89.74","","","","","","Mainly Clear"
"-114.02","51.11","CALGARY INT'L A","3031093","2012-07-06 09:00","2012","07","06","09:00","16.6","","8.1","","57","","","","10","","6","","64.4","","89.74","","","","","","Mainly Clear"
"-114.02","51.11","CALGARY INT'L A","3031093","2012-07-06 10:00","2012","07","06","10:00","18.5","","8.4","","52","","","","18","","4","","64.4","","89.73","","","","","","Mainly Clear"
"-114.02","51.11","CALGARY INT'L A","3031093","2012-07-06 11:00","2012","07","06","11:00","20.1","","9.9","","52","","","","15","","4","","64.4","","89.71","","","","","","Mainly Clear"
"-114.02","51.11","CALGARY INT'L A","3031093","2012-07-06 12:00","2012","07","06","12:00","20.6","","11.1","","54","","","","11","","11","","64.4","","89.70","","","","","","Mainly Clear"
"-114.02","51.11","CALGARY INT'L A","3031093","2012-07-06 13:00","2012","07","06","13:00","20.8","","11.3","","55","","","","13","","20","","64.4","","89.68","","","","","","Mostly Cloudy"
"-114.02","51.11","CALGARY INT'L A","3031093","2012-07-06 14:00","2012","07","06","14:00","13.7","","10.0","","78","","","","32","","41","","8.0","","89.79","","","","","","Thunderstorms,Heavy Rain Showers"
"-114.02","51.11","CALGARY INT'L A","3031093","2012-07-06 15:00","2012","07","06","15:00","17.2","","11.8","","71","","","","9","","22","","64.4","","89.69","","","","","","Mainly Clear"
"-114.02","51.11","CALGARY INT'L A","3031093","2012-07-06 16:00","2012","07","06","16:00","20.0","","11.5","","58","","","","11","","22","","64.4","","89.66","","","","","","Mainly Clear"
"-114.02","51.11","CALGARY INT'L A","3031093","2012-07-06 17:00","2012","07","06","17:00","20.4","","12.0","","59","","","","9","","22","","64.4","","89.67","","","","","","Mainly Clear"
"-114.02","51.11","CALGARY INT'L A","3031093","2012-07-06 18:00","2012","07","06","18:00","19.8","","11.5","","59","","","","10","","22","","64.4","","89.67","","","","","","Mainly Clear"
"-114.02","51.11","CALGARY INT'L A","3031093","2012-07-06 19:00","2012","07","06","19:00","20.0","","12.3","","61","","","","14","","11","","64.4","","89.69","","","","","","Mainly Clear"
"-114.02","51.11","CALGARY INT'L A","3031093","2012-07-06 20:00","2012","07","06","20:00","18.6","","12.3","","67","","","","12","","17","","48.3","","89.73","","","","","","Clear"
"-114.02","51.11","CALGARY INT'L A","3031093","2012-07-06 21:00","2012","07","06","21:00","17.4","","12.3","","72","","","","14","","7","","32.2","","89.77","","","","","","Clear"
"-114.02","51.11","CALGARY INT'L A","3031093","2012-07-06 22:00","2012","07","06","22:00","16.8","","13.3","","80","","","","12","","9","","25.0","","89.83","","","","","","Clear"
"-114.02","51.11","CALGARY INT'L A","3031093","2012-07-06 23:00","2012","07","06","23:00","15.6","","13.4","","87","","","","12","","9","","25.0","","89.85","","","","","","Clear"
"-114.02","51.11","CALGARY INT'L A","3031093","2012-07-07 00:00","2012","07","07","00:00","13.8","","12.6","","92","","","","14","","7","","16.1","","89.86","","","","","","Clear"
"-114.02","51.11","CALGARY INT'L A","3031093","2012-07-07 01:00","2012","07","07","01:00","13.8","","12.4","","91","","","","17","","11","","16.1","","89.86","","","","","","Clear"
"-114.02","51.11","CALGARY INT'L A","3031093","2012-07-07 02:00","2012","07","07","02:00","13.1","","11.8","","92","","","","16","","6","","16.1","","89.87","","","","","","Clear"
"-114.02","51.11","CALGARY INT'L A","3031093","2012-07-07 03:00","2012","07","07","03:00","13.0","","12.4","","96","","","","16","","9","","16.1","","89.88","","","","","","Clear"
"-114.02","51.11","CALGARY INT'L A","3031093","2012-07-07 04:00","2012","07","07","04:00","12.6","","11.6","","94","","","","17","","13","","16.1","","89.89","","","","","","Clear"
"-114.02","51.11","CALGARY INT'L A","3031093","2012-07-07 05:00","2012","07","07","05:00","11.4","","10.4","","94","","","","22","","4","","48.3","","89.92","","","","","","Mainly Clear"
"-114.02","51.11","CALGARY INT'L A","3031093","2012-07-07 06:00","2012","07","07","06:00","11.7","","10.2","","91","","","","","","0","","64.4","","89.96","","","","","","Clear"
"-114.02","51.11","CALGARY INT'L A","3031093","2012-07-07 07:00","2012","07","07","07:00","13.5","","10.9","","84","","","","16","","13","","64.4","","89.96","","","","","","Mainly Clear"
"-114.02","51.11","CALGARY INT'L A","3031093","2012-07-07 08:00","2012","07","07","08:00","16.6","","12.2","","75","","","","20","","6","","64.4","","89.98","","","","","","Mainly Clear"
"-114.02","51.11","CALGARY INT'L A","3031093","2012-07-07 09:00","2012","07","07","09:00","19.6","","12.3","","63","","","","18","","9","","64.4","","89.97","","","","","","Mainly Clear"
"-114.02","51.11","CALGARY INT'L A","3031093","2012-07-07 10:00","2012","07","07","10:00","21.7","","12.9","","57","","","","18","","15","","64.4","","89.96","","","","","","Mainly Clear"
"-114.02","51.11","CALGARY INT'L A","3031093","2012-07-07 11:00","2012","07","07","11:00","22.8","","12.2","","51","","","","18","","15","","64.4","","89.95","","25","","","","Mainly Clear"
"-114.02","51.11","CALGARY INT'L A","3031093","2012-07-07 12:00","2012","07","07","12:00","23.2","","14.0","","56","","","","17","","7","","64.4","","89.92","","27","","","","Mainly Clear"
"-114.02","51.11","CALGARY INT'L A","3031093","2012-07-07 13:00","2012","07","07","13:00","24.3","","14.2","","53","","","","14","","22","","64.4","","89.87","","28","","","","Mainly Clear"
"-114.02","51.11","CALGARY INT'L A","3031093","2012-07-07 14:00","2012","07","07","14:00","24.8","","13.7","","50","","","","14","","24","","64.4","","89.85","","28","","","","Mainly Clear"
"-114.02","51.11","CALGARY INT'L A","3031093","2012-07-07 15:00","2012","07","07","15:00","25.4","","13.6","","48","","","","15","","22","","64.4","","89.81","","29","","","","Mainly Clear"
"-114.02","51.11","CALGARY INT'L A","3031093","2012-07-07 16:00","2012","07","07","16:00","25.3","","13.1","","47","","","","18","","19","","64.4","","89.78","","28","","","","Mainly Clear"
"-114.02","51.11","CALGARY INT'L A","3031093","2012-07-07 17:00","2012","07","07","17:00","25.5","","13.3","","47","","","","19","","13","","64.4","","89.77","","28","","","","Mainly Clear"
"-114.02","51.11","CALGARY INT'L A","3031093","2012-07-07 18:00","2012","07","07","18:00","24.8","","14.2","","52","","","","17","","15","","64.4","","89.75","","28","","","","Mainly Clear"
"-114.02","51.11","CALGARY INT'L A","3031093","2012-07-07 19:00","2012","07","07","19:00","24.1","","15.0","","57","","","","15","","20","","64.4","","89.73","","28","","","","Mainly Clear"
"-114.02","51.11","CALGARY INT'L A","3031093","2012-07-07 20:00","2012","07","07","20:00","22.9","","15.1","","61","","","","13","","17","","48.3","","89.75","","27","","","","Mainly Clear"
"-114.02","51.11","CALGARY INT'L A","3031093","2012-07-07 21:00","2012","07","07","21:00","22.0","","14.5","","62","","","","16","","15","","32.2","","89.76","","26","","","","Mainly Clear"
"-114.02","51.11","CALGARY INT'L A","3031093","2012-07-07 22:00","2012","07","07","22:00","20.7","","14.8","","69","","","","15","","17","","32.2","","89.79","","25","","","","Mainly Clear"
"-114.02","51.11","CALGARY INT'L A","3031093","2012-07-07 23:00","2012","07","07","23:00","20.1","","15.1","","73","","","","15","","15","","25.0","","89.80","","","","","","Mainly Clear"
"-114.02","51.11","CALGARY INT'L A","3031093","2012-07-08 00:00","2012","07","08","00:00","18.4","","14.7","","79","","","","13","","13","","25.0","","89.80","","","","","","Clear"
"-114.02","51.11","CALGARY INT'L A","3031093","2012-07-08 01:00","2012","07","08","01:00","17.5","","13.7","","78","","","","12","","15","","25.0","","89.80","","","","","","Clear"
"-114.02","51.11","CALGARY INT'L A","3031093","2012-07-08 02:00","2012","07","08","02:00","16.7","","13.8","","83","","","","11","","9","","25.0","","89.79","","","","","","Clear"
"-114.02","51.11","CALGARY INT'L A","3031093","2012-07-08 03:00","2012","07","08","03:00","15.6","","13.1","","85","","","","4","","9","","25.0","","89.79","","","","","","Clear"
"-114.02","51.11","CALGARY INT'L A","3031093","2012-07-08 04:00","2012","07","08","04:00","14.1","","12.4","","89","","","","7","","11","","25.0","","89.81","","","","","","Clear"
"-114.02","51.11","CALGARY INT'L A","3031093","2012-07-08 05:00","2012","07","08","05:00","13.7","","12.0","","89","","","","7","","13","","32.2","","89.85","","","","","","Mainly Clear"
"-114.02","51.11","CALGARY INT'L A","3031093","2012-07-08 06:00","2012","07","08","06:00","15.1","","12.9","","87","","","","3","","7","","32.2","","89.85","","","","","","Mainly Clear"
"-114.02","51.11","CALGARY INT'L A","3031093","2012-07-08 07:00","2012","07","08","07:00","16.4","","13.3","","82","","","","","","0","","48.3","","89.84","","","","","","Clear"
"-114.02","51.11","CALGARY INT'L A","3031093","2012-07-08 08:00","2012","07","08","08:00","18.8","","12.1","","65","","","","20","","6","","48.3","","89.85","","","","","","Clear"
"-114.02","51.11","CALGARY INT'L A","3031093","2012-07-08 09:00","2012","07","08","09:00","21.3","","13.8","","62","","","","35","","4","","48.3","","89.84","","25","","","","Clear"
"-114.02","51.11","CALGARY INT'L A","3031093","2012-07-08 10:00","2012","07","08","10:00","23.9","","15.1","","58","","","","6","","6","","48.3","","89.80","","28","","","","Clear"
"-114.02","51.11","CALGARY INT'L A","3031093","2012-07-08 11:00","2012","07","08","11:00","25.6","","15.3","","53","","","","34","","13","","48.3","","89.79","","30","","","","Clear"
"-114.02","51.11","CALGARY INT'L A","3031093","2012-07-08 12:00","2012","07","08","12:00","26.4","","16.6","","55","","","","8","","11","","48.3","","89.78","","31","","","","Clear"
"-114.02","51.11","CALGARY INT'L A","3031093","2012-07-08 13:00","2012","07","08","13:00","26.3","","16.7","","56","","","","9","","4","","48.3","","89.78","","31","","","","Clear"
"-114.02","51.11","CALGARY INT'L A","3031093","2012-07-08 14:00","2012","07","08","14:00","26.7","","17.9","","59","","","","11","","19","","48.3","","89.76","","33","","","","Mainly Clear"
"-114.02","51.11","CALGARY INT'L A","3031093","2012-07-08 15:00","2012","07","08","15:00","25.9","","17.9","","61","","","","14","","15","","48.3","","89.75","","32","","","","Mainly Clear"
"-114.02","51.11","CALGARY INT'L A","3031093","2012-07-08 16:00","2012","07","08","16:00","26.1","","14.8","","50","","","","15","","15","","48.3","","89.71","","30","","","","Mainly Clear"
"-114.02","51.11","CALGARY INT'L A","3031093","2012-07-08 17:00","2012","07","08","17:00","26.5","","17.4","","57","","","","12","","13","","48.3","","89.67","","32","","","","Mainly Clear"
"-114.02","51.11","CALGARY INT'L A","3031093","2012-07-08 18:00","2012","07","08","18:00","26.5","","17.7","","58","","","","12","","22","","48.3","","89.65","","32","","","","Mainly Clear"
"-114.02","51.11","CALGARY INT'L A","3031093","2012-07-08 19:00","2012","07","08","19:00","25.5","","18.4","","65","","","","14","","20","","32.2","","89.62","","32","","","","Mainly Clear"
"-114.02","51.11","CALGARY INT'L A","3031093","2012-07-08 20:00","2012","07","08","20:00","24.2","","18.3","","70","","","","14","","13","","48.3","","89.62","","30","","","","Mainly Clear"
"-114.02","51.11","CALGARY INT'L A","3031093","2012-07-08 21:00","2012","07","08","21:00","23.1","","18.1","","73","","","","14","","13","","25.0","","89.62","","29","","","","Clear"
"-114.02","51.11","CALGARY INT'L A","3031093","2012-07-08 22:00","2012","07","08","22:00","21.9","","18.0","","79","","","","13","","11","","24.1","","89.65","","28","","","","Clear"
"-114.02","51.11","CALGARY INT'L A","3031093","2012-07-08 23:00","2012","07","08","23:00","20.5","","17.7","","84","","","","13","","9","","24.1","","89.66","","26","","","","Mainly Clear"
"-114.02","51.11","CALGARY INT'L A","3031093","2012-07-09 00:00","2012","07","09","00:00","20.4","","18.0","","86","","","","14","","9","","24.1","","89.67","","26","","","","Mainly Clear"
"-114.02","51.11","CALGARY INT'L A","3031093","2012-07-09 01:00","2012","07","09","01:00","18.6","","16.4","","87","","","","17","","11","","24.1","","89.66","","","","","","Mainly Clear"
"-114.02","51.11","CALGARY INT'L A","3031093","2012-07-09 02:00","2012","07","09","02:00","18.1","","16.4","","90","","","","14","","4","","24.1","","89.65","","","","","","Clear"
"-114.02","51.11","CALGARY INT'L A","3031093","2012-07-09 03:00","2012","07","09","03:00","16.4","","15.1","","92","","","","25","","6","","24.1","","89.67","","","","","","Clear"
"-114.02","51.11","CALGARY INT'L A","3031093","2012-07-09 04:00","2012","07","09","04:00","15.9","","14.8","","93","","","","30","","6","","24.1","","89.69","","","","","","Clear"
"-114.02","51.11","CALGARY INT'L A","3031093","2012-07-09 05:00","2012","07","09","05:00","16.2","","10.1","","67","","","","28","","13","","24.1","","89.69","","","","","","Clear"
"-114.02","51.11","CALGARY INT'L A","3031093","2012-07-09 06:00","2012","07","09","06:00","17.0","","12.7","","76","","","","20","","11","","48.3","","89.71","","","","","","Clear"
"-114.02","51.11","CALGARY INT'L A","3031093","2012-07-09 07:00","2012","07","09","07:00","18.1","","11.4","","65","","","","36","","4","","64.4","","89.71","","","","","","Clear"
"-114.02","51.11","CALGARY INT'L A","3031093","2012-07-09 08:00","2012","07","09","08:00","21.5","","11.9","","54","","","","30","","6","","64.4","","89.71","","","","","","Mainly Clear"
"-114.02","51.11","CALGARY INT'L A","3031093","2012-07-09 09:00","2012","07","09","09:00","24.2","","13.5","","51","","","","23","","6","","64.4","","89.71","","27","","","","Mainly Clear"
"-114.02","51.11","CALGARY INT'L A","3031093","2012-07-09 10:00","2012","07","09","10:00","27.4","","8.9","","31","","","","27","","4","","64.4","","89.70","","28","","","","Mainly Clear"
"-114.02","51.11","CALGARY INT'L A","3031093","2012-07-09 11:00","2012","07","09","11:00","28.6","","7.2","","26","","","","5","","9","","64.4","","89.69","","29","","","","Mainly Clear"
"-114.02","51.11","CALGARY INT'L A","3031093","2012-07-09 12:00","2012","07","09","12:00","29.6","","9.7","","29","","","","11","","13","","64.4","","89.67","","31","","","","Mostly Cloudy"
"-114.02","51.11","CALGARY INT'L A","3031093","2012-07-09 13:00","2012","07","09","13:00","29.6","","6.7","","24","","","","11","","13","","64.4","","89.67","","29","","","","Mostly Cloudy"
"-114.02","51.11","CALGARY INT'L A","3031093","2012-07-09 14:00","2012","07","09","14:00","30.2","","9.9","","28","","","","15","","17","","64.4","","89.62","","31","","","","Mostly Cloudy"
"-114.02","51.11","CALGARY INT'L A","3031093","2012-07-09 15:00","2012","07","09","15:00","29.7","","7.0","","24","","","","18","","19","","64.4","","89.59","","30","","","","Mostly Cloudy"
"-114.02","51.11","CALGARY INT'L A","3031093","2012-07-09 16:00","2012","07","09","16:00","30.0","","8.6","","26","","","","15","","17","","64.4","","89.53","","31","","","","Mainly Clear"
"-114.02","51.11","CALGARY INT'L A","3031093","2012-07-09 17:00","2012","07","09","17:00","29.4","","10.5","","31","","","","16","","26","","48.3","","89.50","","31","","","","Mainly Clear"
"-114.02","51.11","CALGARY INT'L A","3031093","2012-07-09 18:00","2012","07","09","18:00","28.4","","11.0","","34","","","","16","","22","","48.3","","89.47","","30","","","","Mostly Cloudy"
"-114.02","51.11","CALGARY INT'L A","3031093","2012-07-09 19:00","2012","07","09","19:00","25.7","","10.2","","38","","","","20","","33","","48.3","","89.43","","27","","","","Mostly Cloudy"
"-114.02","51.11","CALGARY INT'L A","3031093","2012-07-09 20:00","2012","07","09","20:00","25.7","","9.4","","36","","","","22","","26","","48.3","","89.40","","27","","","","Mostly Cloudy"
"-114.02","51.11","CALGARY INT'L A","3031093","2012-07-09 21:00","2012","07","09","21:00","24.5","","9.3","","38","","","","23","","22","","48.3","","89.38","","25","","","","Mostly Cloudy"
"-114.02","51.11","CALGARY INT'L A","3031093","2012-07-09 22:00","2012","07","09","22:00","23.5","","10.2","","43","","","","24","","28","","25.0","","89.41","","25","","","","Mostly Cloudy"
"-114.02","51.11","CALGARY INT'L A","3031093","2012-07-09 23:00","2012","07","09","23:00","23.5","","10.2","","43","","","","25","","17","","24.1","","89.40","","25","","","","Mostly Cloudy"
"-114.02","51.11","CALGARY INT'L A","3031093","2012-07-10 00:00","2012","07","10","00:00","22.7","","10.8","","47","","","","23","","7","","24.1","","89.40","","","","","","Mainly Clear"
"-114.02","51.11","CALGARY INT'L A","3031093","2012-07-10 01:00","2012","07","10","01:00","21.8","","11.3","","51","","","","25","","9","","24.1","","89.39","","","","","","Mostly Cloudy"
"-114.02","51.11","CALGARY INT'L A","3031093","2012-07-10 02:00","2012","07","10","02:00","20.8","","8.8","","46","","","","3","","9","","24.1","","89.35","","","","","","Mainly Clear"
"-114.02","51.11","CALGARY INT'L A","3031093","2012-07-10 03:00","2012","07","10","03:00","21.3","","8.4","","44","","","","28","","20","","24.1","","89.34","","","","","","Mainly Clear"
"-114.02","51.11","CALGARY INT'L A","3031093","2012-07-10 04:00","2012","07","10","04:00","20.5","","8.1","","45","","","","29","","6","","24.1","","89.33","","","","","","Mainly Clear"
"-114.02","51.11","CALGARY INT'L A","3031093","2012-07-10 05:00","2012","07","10","05:00","18.3","","9.0","","55","","","","1","","6","","64.4","","89.34","","","","","","Mainly Clear"
"-114.02","51.11","CALGARY INT'L A","3031093","2012-07-10 06:00","2012","07","10","06:00","17.2","","9.9","","62","","","","19","","13","","64.4","","89.40","","","","","","Mainly Clear"
"-114.02","51.11","CALGARY INT'L A","3031093","2012-07-10 07:00","2012","07","10","07:00","20.1","","10.2","","53","","","","25","","13","","64.4","","89.38","","","","","","Mainly Clear"
"-114.02","51.11","CALGARY INT'L A","3031093","2012-07-10 08:00","2012","07","10","08:00","22.2","","12.8","","55","","","","25","","11","","64.4","","89.35","","25","","","","Mainly Clear"
"-114.02","51.11","CALGARY INT'L A","3031093","2012-07-10 09:00","2012","07","10","09:00","24.5","","11.6","","44","","","","29","","15","","64.4","","89.35","","27","","","","Mainly Clear"
"-114.02","51.11","CALGARY INT'L A","3031093","2012-07-10 10:00","2012","07","10","10:00","27.2","","10.7","","36","","","","31","","19","","64.4","","89.35","","29","","","","Mainly Clear"
"-114.02","51.11","CALGARY INT'L A","3031093","2012-07-10 11:00","2012","07","10","11:00","27.8","","8.9","","31","","","","32","","19","","64.4","","89.34","","29","","","","Mainly Clear"
"-114.02","51.11","CALGARY INT'L A","3031093","2012-07-10 12:00","2012","07","10","12:00","28.1","","10.9","","34","","","","29","","15","","64.4","","89.31","","30","","","","Mainly Clear"
"-114.02","51.11","CALGARY INT'L A","3031093","2012-07-10 13:00","2012","07","10","13:00","28.1","","11.7","","36","","","","32","","19","","64.4","","89.27","","30","","","","Mainly Clear"
"-114.02","51.11","CALGARY INT'L A","3031093","2012-07-10 14:00","2012","07","10","14:00","28.2","","11.6","","36","","","","33","","17","","64.4","","89.25","","30","","","","Mainly Clear"
"-114.02","51.11","CALGARY INT'L A","3031093","2012-07-10 15:00","2012","07","10","15:00","28.6","","12.7","","38","","","","30","","11","","64.4","","89.21","","31","","","","Mainly Clear"
"-114.02","51.11","CALGARY INT'L A","3031093","2012-07-10 16:00","2012","07","10","16:00","28.8","","11.7","","35","","","","3","","11","","64.4","","89.18","","31","","","","Mainly Clear"
"-114.02","51.11","CALGARY INT'L A","3031093","2012-07-10 17:00","2012","07","10","17:00","28.2","","12.6","","38","","","","13","","7","","48.3","","89.16","","31","","","","Mainly Clear"
"-114.02","51.11","CALGARY INT'L A","3031093","2012-07-10 18:00","2012","07","10","18:00","27.9","","11.9","","37","","","","7","","13","","48.3","","89.12","","30","","","","Mainly Clear"
"-114.02","51.11","CALGARY INT'L A","3031093","2012-07-10 19:00","2012","07","10","19:00","27.2","","12.1","","39","","","","10","","13","","48.3","","89.12","","30","","","","Mainly Clear"
"-114.02","51.11","CALGARY INT'L A","3031093","2012-07-10 20:00","2012","07","10","20:00","25.8","","13.9","","48","","","","10","","13","","48.3","","89.12","","29","","","","Clear"
"-114.02","51.11","CALGARY INT'L A","3031093","2012-07-10 21:00","2012","07","10","21:00","23.6","","14.9","","58","","","","12","","11","","48.3","","89.15","","28","","","","Clear"
"-114.02","51.11","CALGARY INT'L A","3031093","2012-07-10 22:00","2012","07","10","22:00","22.5","","14.9","","62","","","","13","","7","","25.0","","89.17","","26","","","","Clear"
"-114.02","51.11","CALGARY INT'L A","3031093","2012-07-10 23:00","2012","07","10","23:00","22.0","","14.3","","62","","","","17","","4","","24.1","","89.20","","26","","","","Clear"
"-114.02","51.11","CALGARY INT'L A","3031093","2012-07-11 00:00","2012","07","11","00:00","19.2","","14.0","","72","","","","12","","7","","24.1","","89.25","","","","","","Clear"
"-114.02","51.11","CALGARY INT'L A","3031093","2012-07-11 01:00","2012","07","11","01:00","17.5","","13.5","","77","","","","31","","15","","24.1","","89.29","","","","","","Clear"
"-114.02","51.11","CALGARY INT'L A","3031093","2012-07-11 02:00","2012","07","11","02:00","16.6","","13.4","","81","","","","31","","6","","24.1","","89.29","","","","","","Clear"
"-114.02","51.11","CALGARY INT'L A","3031093","2012-07-11 03:00","2012","07","11","03:00","17.1","","12.5","","74","","","","20","","6","","24.1","","89.30","","","","","","Clear"
"-114.02","51.11","CALGARY INT'L A","3031093","2012-07-11 04:00","2012","07","11","04:00","16.6","","9.9","","65","","","","32","","22","","25.0","","89.32","","","","","","Clear"
"-114.02","51.11","CALGARY INT'L A","3031093","2012-07-11 05:00","2012","07","11","05:00","16.6","","7.5","","55","","","","1","","11","","64.4","","89.41","","","","","","Clear"
"-114.02","51.11","CALGARY INT'L A","3031093","2012-07-11 06:00","2012","07","11","06:00","15.7","","8.8","","63","","","","34","","9","","48.3","","89.49","","","","","","Clear"
"-114.02","51.11","CALGARY INT'L A","3031093","2012-07-11 07:00","2012","07","11","07:00","17.9","","11.5","","66","","","","32","","15","","48.3","","89.49","","","","","","Clear"
"-114.02","51.11","CALGARY INT'L A","3031093","2012-07-11 08:00","2012","07","11","08:00","20.4","","12.5","","60","","","","33","","9","","48.3","","89.52","","","","","","Clear"
"-114.02","51.11","CALGARY INT'L A","3031093","2012-07-11 09:00","2012","07","11","09:00","21.7","","11.6","","53","","","","","","0","","48.3","","89.54","","","","","","Clear"
"-114.02","51.11","CALGARY INT'L A","3031093","2012-07-11 10:00","2012","07","11","10:00","23.5","","12.2","","49","","","","2","","7","","48.3","","89.54","","26","","","","Clear"
"-114.02","51.11","CALGARY INT'L A","3031093","2012-07-11 11:00","2012","07","11","11:00","24.2","","10.9","","43","","","","6","","11","","48.3","","89.51","","26","","","","Clear"
"-114.02","51.11","CALGARY INT'L A","3031093","2012-07-11 12:00","2012","07","11","12:00","24.5","","12.1","","46","","","","10","","11","","48.3","","89.46","","27","","","","Clear"
"-114.02","51.11","CALGARY INT'L A","3031093","2012-07-11 13:00","2012","07","11","13:00","25.3","","13.0","","46","","","","8","","9","","48.3","","89.40","","28","","","","Clear"
"-114.02","51.11","CALGARY INT'L A","3031093","2012-07-11 14:00","2012","07","11","14:00","26.1","","14.2","","48","","","","10","","7","","48.3","","89.37","","30","","","","Clear"
"-114.02","51.11","CALGARY INT'L A","3031093","2012-07-11 15:00","2012","07","11","15:00","26.5","","14.3","","47","","","","14","","11","","48.3","","89.32","","30","","","","Clear"
"-114.02","51.11","CALGARY INT'L A","3031093","2012-07-11 16:00","2012","07","11","16:00","26.9","","15.4","","49","","","","14","","13","","48.3","","89.29","","31","","","","Clear"
"-114.02","51.11","CALGARY INT'L A","3031093","2012-07-11 17:00","2012","07","11","17:00","26.9","","16.1","","52","","","","17","","13","","48.3","","89.25","","32","","","","Clear"
"-114.02","51.11","CALGARY INT'L A","3031093","2012-07-11 18:00","2012","07","11","18:00","26.5","","15.6","","51","","","","16","","19","","48.3","","89.21","","31","","","","Clear"
"-114.02","51.11","CALGARY INT'L A","3031093","2012-07-11 19:00","2012","07","11","19:00","25.6","","15.3","","53","","","","16","","19","","48.3","","89.21","","30","","","","Mainly Clear"
"-114.02","51.11","CALGARY INT'L A","3031093","2012-07-11 20:00","2012","07","11","20:00","25.2","","16.1","","57","","","","15","","19","","48.3","","89.21","","30","","","","Mainly Clear"
"-114.02","51.11","CALGARY INT'L A","3031093","2012-07-11 21:00","2012","07","11","21:00","23.5","","17.1","","67","","","","14","","13","","48.3","","89.24","","29","","","","Mainly Clear"
"-114.02","51.11","CALGARY INT'L A","3031093","2012-07-11 22:00","2012","07","11","22:00","22.1","","16.3","","70","","","","19","","19","","32.2","","89.24","","27","","","","Mostly Cloudy"
"-114.02","51.11","CALGARY INT'L A","3031093","2012-07-11 23:00","2012","07","11","23:00","21.5","","15.8","","70","","","","19","","19","","16.1","","89.24","","26","","","","Mainly Clear"
"-114.02","51.11","CALGARY INT'L A","3031093","2012-07-12 00:00","2012","07","12","00:00","20.5","","16.1","","76","","","","15","","13","","16.1","","89.21","","25","","","","Mainly Clear"
"-114.02","51.11","CALGARY INT'L A","3031093","2012-07-12 01:00","2012","07","12","01:00","18.2","","15.7","","85","","","","15","","13","","16.1","","89.17","","","","","","Mainly Clear"
"-114.02","51.11","CALGARY INT'L A","3031093","2012-07-12 02:00","2012","07","12","02:00","18.6","","16.1","","85","","","","18","","4","","24.1","","89.15","","","","","","Mainly Clear"
"-114.02","51.11","CALGARY INT'L A","3031093","2012-07-12 03:00","2012","07","12","03:00","17.3","","15.6","","90","","","","20","","9","","24.1","","89.16","","","","","","Mainly Clear"
"-114.02","51.11","CALGARY INT'L A","3031093","2012-07-12 04:00","2012","07","12","04:00","16.7","","15.0","","90","","","","28","","7","","24.1","","89.13","","","","","","Mainly Clear"
"-114.02","51.11","CALGARY INT'L A","3031093","2012-07-12 05:00","2012","07","12","05:00","16.0","","14.8","","93","","","","22","","11","","32.2","","89.14","","","","","","Mainly Clear"
"-114.02","51.11","CALGARY INT'L A","3031093","2012-07-12 06:00","2012","07","12","06:00","18.4","","12.4","","68","","","","29","","7","","48.3","","89.14","","","","","","Mainly Clear"
"-114.02","51.11","CALGARY INT'L A","3031093","2012-07-12 07:00","2012","07","12","07:00","18.8","","12.2","","65","","","","29","","17","","48.3","","89.17","","","","","","Mostly Cloudy"
"-114.02","51.11","CALGARY INT'L A","3031093","2012-07-12 08:00","2012","07","12","08:00","21.1","","14.5","","66","","","","26","","6","","48.3","","89.19","","25","","","","Mostly Cloudy"
"-114.02","51.11","CALGARY INT'L A","3031093","2012-07-12 09:00","2012","07","12","09:00","22.4","","13.9","","59","","","","29","","17","","48.3","","89.22","","26","","","","Mostly Cloudy"
"-114.02","51.11","CALGARY INT'L A","3031093","2012-07-12 10:00","2012","07","12","10:00","22.6","","15.8","","65","","","","35","","20","","48.3","","89.25","","27","","","","Mainly Clear"
"-114.02","51.11","CALGARY INT'L A","3031093","2012-07-12 11:00","2012","07","12","11:00","24.4","","17.2","","64","","","","33","","19","","48.3","","89.24","","30","","","","Mainly Clear"
"-114.02","51.11","CALGARY INT'L A","3031093","2012-07-12 12:00","2012","07","12","12:00"
"-114.02","51.11","CALGARY INT'L A","3031093","2012-07-12 13:00","2012","07","12","13:00"
"-114.02","51.11","CALGARY INT'L A","3031093","2012-07-12 14:00","2012","07","12","14:00"
"-114.02","51.11","CALGARY INT'L A","3031093","2012-07-12 15:00","2012","07","12","15:00"
"-114.02","51.11","CALGARY INT'L A","3031093","2012-07-12 16:00","2012","07","12","16:00"
"-114.02","51.11","CALGARY INT'L A","3031093","2012-07-12 17:00","2012","07","12","17:00"
"-114.02","51.11","CALGARY INT'L A","3031093","2012-07-12 18:00","2012","07","12","18:00"
"-114.02","51.11","CALGARY INT'L A","3031093","2012-07-12 19:00","2012","07","12","19:00"
"-114.02","51.11","CALGARY INT'L A","3031093","2012-07-12 20:00","2012","07","12","20:00"
"-114.02","51.11","CALGARY INT'L A","3031093","2012-07-12 21:00","2012","07","12","21:00"
"-114.02","51.11","CALGARY INT'L A","3031093","2012-07-12 22:00","2012","07","12","22:00"
"-114.02","51.11","CALGARY INT'L A","3031093","2012-07-12 23:00","2012","07","12","23:00"
"-114.02","51.11","CALGARY INT'L A","3031093","2012-07-13 00:00","2012","07","13","00:00"
"-114.02","51.11","CALGARY INT'L A","3031093","2012-07-13 01:00","2012","07","13","01:00"
"-114.02","51.11","CALGARY INT'L A","3031093","2012-07-13 02:00","2012","07","13","02:00"
"-114.02","51.11","CALGARY INT'L A","3031093","2012-07-13 03:00","2012","07","13","03:00"
"-114.02","51.11","CALGARY INT'L A","3031093","2012-07-13 04:00","2012","07","13","04:00"
"-114.02","51.11","CALGARY INT'L A","3031093","2012-07-13 05:00","2012","07","13","05:00"
"-114.02","51.11","CALGARY INT'L A","3031093","2012-07-13 06:00","2012","07","13","06:00"
"-114.02","51.11","CALGARY INT'L A","3031093","2012-07-13 07:00","2012","07","13","07:00"
"-114.02","51.11","CALGARY INT'L A","3031093","2012-07-13 08:00","2012","07","13","08:00"
"-114.02","51.11","CALGARY INT'L A","3031093","2012-07-13 09:00","2012","07","13","09:00"
"-114.02","51.11","CALGARY INT'L A","3031093","2012-07-13 10:00","2012","07","13","10:00"
"-114.02","51.11","CALGARY INT'L A","3031093","2012-07-13 11:00","2012","07","13","11:00"
"-114.02","51.11","CALGARY INT'L A","3031093","2012-07-13 12:00","2012","07","13","12:00"
"-114.02","51.11","CALGARY INT'L A","3031093","2012-07-13 13:00","2012","07","13","13:00"
"-114.02","51.11","CALGARY INT'L A","3031093","2012-07-13 14:00","2012","07","13","14:00"
"-114.02","51.11","CALGARY INT'L A","3031093","2012-07-13 15:00","2012","07","13","15:00"
"-114.02","51.11","CALGARY INT'L A","3031093","2012-07-13 16:00","2012","07","13","16:00"
"-114.02","51.11","CALGARY INT'L A","3031093","2012-07-13 17:00","2012","07","13","17:00"
"-114.02","51.11","CALGARY INT'L A","3031093","2012-07-13 18:00","2012","07","13","18:00"
"-114.02","51.11","CALGARY INT'L A","3031093","2012-07-13 19:00","2012","07","13","19:00"
"-114.02","51.11","CALGARY INT'L A","3031093","2012-07-13 20:00","2012","07","13","20:00"
"-114.02","51.11","CALGARY INT'L A","3031093","2012-07-13 21:00","2012","07","13","21:00"
"-114.02","51.11","CALGARY INT'L A","3031093","2012-07-13 22:00","2012","07","13","22:00"
"-114.02","51.11","CALGARY INT'L A","3031093","2012-07-13 23:00","2012","07","13","23:00"
"-114.02","51.11","CALGARY INT'L A","3031093","2012-07-14 00:00","2012","07","14","00:00"
"-114.02","51.11","CALGARY INT'L A","3031093","2012-07-14 01:00","2012","07","14","01:00"
"-114.02","51.11","CALGARY INT'L A","3031093","2012-07-14 02:00","2012","07","14","02:00"
"-114.02","51.11","CALGARY INT'L A","3031093","2012-07-14 03:00","2012","07","14","03:00"
"-114.02","51.11","CALGARY INT'L A","3031093","2012-07-14 04:00","2012","07","14","04:00"
"-114.02","51.11","CALGARY INT'L A","3031093","2012-07-14 05:00","2012","07","14","05:00"
"-114.02","51.11","CALGARY INT'L A","3031093","2012-07-14 06:00","2012","07","14","06:00"
"-114.02","51.11","CALGARY INT'L A","3031093","2012-07-14 07:00","2012","07","14","07:00"
"-114.02","51.11","CALGARY INT'L A","3031093","2012-07-14 08:00","2012","07","14","08:00"
"-114.02","51.11","CALGARY INT'L A","3031093","2012-07-14 09:00","2012","07","14","09:00"
"-114.02","51.11","CALGARY INT'L A","3031093","2012-07-14 10:00","2012","07","14","10:00"
"-114.02","51.11","CALGARY INT'L A","3031093","2012-07-14 11:00","2012","07","14","11:00"
"-114.02","51.11","CALGARY INT'L A","3031093","2012-07-14 12:00","2012","07","14","12:00"
"-114.02","51.11","CALGARY INT'L A","3031093","2012-07-14 13:00","2012","07","14","13:00"
"-114.02","51.11","CALGARY INT'L A","3031093","2012-07-14 14:00","2012","07","14","14:00"
"-114.02","51.11","CALGARY INT'L A","3031093","2012-07-14 15:00","2012","07","14","15:00"
"-114.02","51.11","CALGARY INT'L A","3031093","2012-07-14 16:00","2012","07","14","16:00"
"-114.02","51.11","CALGARY INT'L A","3031093","2012-07-14 17:00","2012","07","14","17:00"
"-114.02","51.11","CALGARY INT'L A","3031093","2012-07-14 18:00","2012","07","14","18:00"
"-114.02","51.11","CALGARY INT'L A","3031093","2012-07-14 19:00","2012","07","14","19:00"
"-114.02","51.11","CALGARY INT'L A","3031093","2012-07-14 20:00","2012","07","14","20:00"
"-114.02","51.11","CALGARY INT'L A","3031093","2012-07-14 21:00","2012","07","14","21:00"
"-114.02","51.11","CALGARY INT'L A","3031093","2012-07-14 22:00","2012","07","14","22:00"
"-114.02","51.11","CALGARY INT'L A","3031093","2012-07-14 23:00","2012","07","14","23:00"
"-114.02","51.11","CALGARY INT'L A","3031093","2012-07-15 00:00","2012","07","15","00:00"
"-114.02","51.11","CALGARY INT'L A","3031093","2012-07-15 01:00","2012","07","15","01:00"
"-114.02","51.11","CALGARY INT'L A","3031093","2012-07-15 02:00","2012","07","15","02:00"
"-114.02","51.11","CALGARY INT'L A","3031093","2012-07-15 03:00","2012","07","15","03:00"
"-114.02","51.11","CALGARY INT'L A","3031093","2012-07-15 04:00","2012","07","15","04:00"
"-114.02","51.11","CALGARY INT'L A","3031093","2012-07-15 05:00","2012","07","15","05:00"
"-114.02","51.11","CALGARY INT'L A","3031093","2012-07-15 06:00","2012","07","15","06:00"
"-114.02","51.11","CALGARY INT'L A","3031093","2012-07-15 07:00","2012","07","15","07:00"
"-114.02","51.11","CALGARY INT'L A","3031093","2012-07-15 08:00","2012","07","15","08:00"
"-114.02","51.11","CALGARY INT'L A","3031093","2012-07-15 09:00","2012","07","15","09:00"
"-114.02","51.11","CALGARY INT'L A","3031093","2012-07-15 10:00","2012","07","15","10:00"
"-114.02","51.11","CALGARY INT'L A","3031093","2012-07-15 11:00","2012","07","15","11:00"
"-114.02","51.11","CALGARY INT'L A","3031093","2012-07-15 12:00","2012","07","15","12:00"
"-114.02","51.11","CALGARY INT'L A","3031093","2012-07-15 13:00","2012","07","15","13:00"
"-114.02","51.11","CALGARY INT'L A","3031093","2012-07-15 14:00","2012","07","15","14:00"
"-114.02","51.11","CALGARY INT'L A","3031093","2012-07-15 15:00","2012","07","15","15:00"
"-114.02","51.11","CALGARY INT'L A","3031093","2012-07-15 16:00","2012","07","15","16:00"
"-114.02","51.11","CALGARY INT'L A","3031093","2012-07-15 17:00","2012","07","15","17:00"
"-114.02","51.11","CALGARY INT'L A","3031093","2012-07-15 18:00","2012","07","15","18:00"
"-114.02","51.11","CALGARY INT'L A","3031093","2012-07-15 19:00","2012","07","15","19:00"
"-114.02","51.11","CALGARY INT'L A","3031093","2012-07-15 20:00","2012","07","15","20:00"
"-114.02","51.11","CALGARY INT'L A","3031093","2012-07-15 21:00","2012","07","15","21:00"
"-114.02","51.11","CALGARY INT'L A","3031093","2012-07-15 22:00","2012","07","15","22:00"
"-114.02","51.11","CALGARY INT'L A","3031093","2012-07-15 23:00","2012","07","15","23:00"
"-114.02","51.11","CALGARY INT'L A","3031093","2012-07-16 00:00","2012","07","16","00:00"
"-114.02","51.11","CALGARY INT'L A","3031093","2012-07-16 01:00","2012","07","16","01:00"
"-114.02","51.11","CALGARY INT'L A","3031093","2012-07-16 02:00","2012","07","16","02:00"
"-114.02","51.11","CALGARY INT'L A","3031093","2012-07-16 03:00","2012","07","16","03:00"
"-114.02","51.11","CALGARY INT'L A","3031093","2012-07-16 04:00","2012","07","16","04:00"
"-114.02","51.11","CALGARY INT'L A","3031093","2012-07-16 05:00","2012","07","16","05:00"
"-114.02","51.11","CALGARY INT'L A","3031093","2012-07-16 06:00","2012","07","16","06:00"
"-114.02","51.11","CALGARY INT'L A","3031093","2012-07-16 07:00","2012","07","16","07:00"
"-114.02","51.11","CALGARY INT'L A","3031093","2012-07-16 08:00","2012","07","16","08:00"
"-114.02","51.11","CALGARY INT'L A","3031093","2012-07-16 09:00","2012","07","16","09:00"
"-114.02","51.11","CALGARY INT'L A","3031093","2012-07-16 10:00","2012","07","16","10:00"
"-114.02","51.11","CALGARY INT'L A","3031093","2012-07-16 11:00","2012","07","16","11:00"
"-114.02","51.11","CALGARY INT'L A","3031093","2012-07-16 12:00","2012","07","16","12:00"
"-114.02","51.11","CALGARY INT'L A","3031093","2012-07-16 13:00","2012","07","16","13:00"
"-114.02","51.11","CALGARY INT'L A","3031093","2012-07-16 14:00","2012","07","16","14:00"
"-114.02","51.11","CALGARY INT'L A","3031093","2012-07-16 15:00","2012","07","16","15:00"
"-114.02","51.11","CALGARY INT'L A","3031093","2012-07-16 16:00","2012","07","16","16:00"
"-114.02","51.11","CALGARY INT'L A","3031093","2012-07-16 17:00","2012","07","16","17:00"
"-114.02","51.11","CALGARY INT'L A","3031093","2012-07-16 18:00","2012","07","16","18:00"
"-114.02","51.11","CALGARY INT'L A","3031093","2012-07-16 19:00","2012","07","16","19:00"
"-114.02","51.11","CALGARY INT'L A","3031093","2012-07-16 20:00","2012","07","16","20:00"
"-114.02","51.11","CALGARY INT'L A","3031093","2012-07-16 21:00","2012","07","16","21:00"
"-114.02","51.11","CALGARY INT'L A","3031093","2012-07-16 22:00","2012","07","16","22:00"
"-114.02","51.11","CALGARY INT'L A","3031093","2012-07-16 23:00","2012","07","16","23:00"
"-114.02","51.11","CALGARY INT'L A","3031093","2012-07-17 00:00","2012","07","17","00:00"
"-114.02","51.11","CALGARY INT'L A","3031093","2012-07-17 01:00","2012","07","17","01:00"
"-114.02","51.11","CALGARY INT'L A","3031093","2012-07-17 02:00","2012","07","17","02:00"
"-114.02","51.11","CALGARY INT'L A","3031093","2012-07-17 03:00","2012","07","17","03:00"
"-114.02","51.11","CALGARY INT'L A","3031093","2012-07-17 04:00","2012","07","17","04:00"
"-114.02","51.11","CALGARY INT'L A","3031093","2012-07-17 05:00","2012","07","17","05:00"
"-114.02","51.11","CALGARY INT'L A","3031093","2012-07-17 06:00","2012","07","17","06:00"
"-114.02","51.11","CALGARY INT'L A","3031093","2012-07-17 07:00","2012","07","17","07:00"
"-114.02","51.11","CALGARY INT'L A","3031093","2012-07-17 08:00","2012","07","17","08:00"
"-114.02","51.11","CALGARY INT'L A","3031093","2012-07-17 09:00","2012","07","17","09:00"
"-114.02","51.11","CALGARY INT'L A","3031093","2012-07-17 10:00","2012","07","17","10:00"
"-114.02","51.11","CALGARY INT'L A","3031093","2012-07-17 11:00","2012","07","17","11:00"
"-114.02","51.11","CALGARY INT'L A","3031093","2012-07-17 12:00","2012","07","17","12:00"
"-114.02","51.11","CALGARY INT'L A","3031093","2012-07-17 13:00","2012","07","17","13:00"
"-114.02","51.11","CALGARY INT'L A","3031093","2012-07-17 14:00","2012","07","17","14:00"
"-114.02","51.11","CALGARY INT'L A","3031093","2012-07-17 15:00","2012","07","17","15:00"
"-114.02","51.11","CALGARY INT'L A","3031093","2012-07-17 16:00","2012","07","17","16:00"
"-114.02","51.11","CALGARY INT'L A","3031093","2012-07-17 17:00","2012","07","17","17:00"
"-114.02","51.11","CALGARY INT'L A","3031093","2012-07-17 18:00","2012","07","17","18:00"
"-114.02","51.11","CALGARY INT'L A","3031093","2012-07-17 19:00","2012","07","17","19:00"
"-114.02","51.11","CALGARY INT'L A","3031093","2012-07-17 20:00","2012","07","17","20:00"
"-114.02","51.11","CALGARY INT'L A","3031093","2012-07-17 21:00","2012","07","17","21:00"
"-114.02","51.11","CALGARY INT'L A","3031093","2012-07-17 22:00","2012","07","17","22:00"
"-114.02","51.11","CALGARY INT'L A","3031093","2012-07-17 23:00","2012","07","17","23:00"
"-114.02","51.11","CALGARY INT'L A","3031093","2012-07-18 00:00","2012","07","18","00:00"
"-114.02","51.11","CALGARY INT'L A","3031093","2012-07-18 01:00","2012","07","18","01:00"
"-114.02","51.11","CALGARY INT'L A","3031093","2012-07-18 02:00","2012","07","18","02:00"
"-114.02","51.11","CALGARY INT'L A","3031093","2012-07-18 03:00","2012","07","18","03:00"
"-114.02","51.11","CALGARY INT'L A","3031093","2012-07-18 04:00","2012","07","18","04:00"
"-114.02","51.11","CALGARY INT'L A","3031093","2012-07-18 05:00","2012","07","18","05:00"
"-114.02","51.11","CALGARY INT'L A","3031093","2012-07-18 06:00","2012","07","18","06:00"
"-114.02","51.11","CALGARY INT'L A","3031093","2012-07-18 07:00","2012","07","18","07:00"
"-114.02","51.11","CALGARY INT'L A","3031093","2012-07-18 08:00","2012","07","18","08:00"
"-114.02","51.11","CALGARY INT'L A","3031093","2012-07-18 09:00","2012","07","18","09:00"
"-114.02","51.11","CALGARY INT'L A","3031093","2012-07-18 10:00","2012","07","18","10:00"
"-114.02","51.11","CALGARY INT'L A","3031093","2012-07-18 11:00","2012","07","18","11:00"
"-114.02","51.11","CALGARY INT'L A","3031093","2012-07-18 12:00","2012","07","18","12:00"
"-114.02","51.11","CALGARY INT'L A","3031093","2012-07-18 13:00","2012","07","18","13:00"
"-114.02","51.11","CALGARY INT'L A","3031093","2012-07-18 14:00","2012","07","18","14:00"
"-114.02","51.11","CALGARY INT'L A","3031093","2012-07-18 15:00","2012","07","18","15:00"
"-114.02","51.11","CALGARY INT'L A","3031093","2012-07-18 16:00","2012","07","18","16:00"
"-114.02","51.11","CALGARY INT'L A","3031093","2012-07-18 17:00","2012","07","18","17:00"
"-114.02","51.11","CALGARY INT'L A","3031093","2012-07-18 18:00","2012","07","18","18:00"
"-114.02","51.11","CALGARY INT'L A","3031093","2012-07-18 19:00","2012","07","18","19:00"
"-114.02","51.11","CALGARY INT'L A","3031093","2012-07-18 20:00","2012","07","18","20:00"
"-114.02","51.11","CALGARY INT'L A","3031093","2012-07-18 21:00","2012","07","18","21:00"
"-114.02","51.11","CALGARY INT'L A","3031093","2012-07-18 22:00","2012","07","18","22:00"
"-114.02","51.11","CALGARY INT'L A","3031093","2012-07-18 23:00","2012","07","18","23:00"
"-114.02","51.11","CALGARY INT'L A","3031093","2012-07-19 00:00","2012","07","19","00:00"
"-114.02","51.11","CALGARY INT'L A","3031093","2012-07-19 01:00","2012","07","19","01:00"
"-114.02","51.11","CALGARY INT'L A","3031093","2012-07-19 02:00","2012","07","19","02:00"
"-114.02","51.11","CALGARY INT'L A","3031093","2012-07-19 03:00","2012","07","19","03:00"
"-114.02","51.11","CALGARY INT'L A","3031093","2012-07-19 04:00","2012","07","19","04:00"
"-114.02","51.11","CALGARY INT'L A","3031093","2012-07-19 05:00","2012","07","19","05:00"
"-114.02","51.11","CALGARY INT'L A","3031093","2012-07-19 06:00","2012","07","19","06:00"
"-114.02","51.11","CALGARY INT'L A","3031093","2012-07-19 07:00","2012","07","19","07:00"
"-114.02","51.11","CALGARY INT'L A","3031093","2012-07-19 08:00","2012","07","19","08:00"
"-114.02","51.11","CALGARY INT'L A","3031093","2012-07-19 09:00","2012","07","19","09:00"
"-114.02","51.11","CALGARY INT'L A","3031093","2012-07-19 10:00","2012","07","19","10:00"
"-114.02","51.11","CALGARY INT'L A","3031093","2012-07-19 11:00","2012","07","19","11:00"
"-114.02","51.11","CALGARY INT'L A","3031093","2012-07-19 12:00","2012","07","19","12:00"
"-114.02","51.11","CALGARY INT'L A","3031093","2012-07-19 13:00","2012","07","19","13:00"
"-114.02","51.11","CALGARY INT'L A","3031093","2012-07-19 14:00","2012","07","19","14:00"
"-114.02","51.11","CALGARY INT'L A","3031093","2012-07-19 15:00","2012","07","19","15:00"
"-114.02","51.11","CALGARY INT'L A","3031093","2012-07-19 16:00","2012","07","19","16:00"
"-114.02","51.11","CALGARY INT'L A","3031093","2012-07-19 17:00","2012","07","19","17:00"
"-114.02","51.11","CALGARY INT'L A","3031093","2012-07-19 18:00","2012","07","19","18:00"
"-114.02","51.11","CALGARY INT'L A","3031093","2012-07-19 19:00","2012","07","19","19:00"
"-114.02","51.11","CALGARY INT'L A","3031093","2012-07-19 20:00","2012","07","19","20:00"
"-114.02","51.11","CALGARY INT'L A","3031093","2012-07-19 21:00","2012","07","19","21:00"
"-114.02","51.11","CALGARY INT'L A","3031093","2012-07-19 22:00","2012","07","19","22:00"
"-114.02","51.11","CALGARY INT'L A","3031093","2012-07-19 23:00","2012","07","19","23:00"
"-114.02","51.11","CALGARY INT'L A","3031093","2012-07-20 00:00","2012","07","20","00:00"
"-114.02","51.11","CALGARY INT'L A","3031093","2012-07-20 01:00","2012","07","20","01:00"
"-114.02","51.11","CALGARY INT'L A","3031093","2012-07-20 02:00","2012","07","20","02:00"
"-114.02","51.11","CALGARY INT'L A","3031093","2012-07-20 03:00","2012","07","20","03:00"
"-114.02","51.11","CALGARY INT'L A","3031093","2012-07-20 04:00","2012","07","20","04:00"
"-114.02","51.11","CALGARY INT'L A","3031093","2012-07-20 05:00","2012","07","20","05:00"
"-114.02","51.11","CALGARY INT'L A","3031093","2012-07-20 06:00","2012","07","20","06:00"
"-114.02","51.11","CALGARY INT'L A","3031093","2012-07-20 07:00","2012","07","20","07:00"
"-114.02","51.11","CALGARY INT'L A","3031093","2012-07-20 08:00","2012","07","20","08:00"
"-114.02","51.11","CALGARY INT'L A","3031093","2012-07-20 09:00","2012","07","20","09:00"
"-114.02","51.11","CALGARY INT'L A","3031093","2012-07-20 10:00","2012","07","20","10:00"
"-114.02","51.11","CALGARY INT'L A","3031093","2012-07-20 11:00","2012","07","20","11:00"
"-114.02","51.11","CALGARY INT'L A","3031093","2012-07-20 12:00","2012","07","20","12:00"
"-114.02","51.11","CALGARY INT'L A","3031093","2012-07-20 13:00","2012","07","20","13:00"
"-114.02","51.11","CALGARY INT'L A","3031093","2012-07-20 14:00","2012","07","20","14:00"
"-114.02","51.11","CALGARY INT'L A","3031093","2012-07-20 15:00","2012","07","20","15:00"
"-114.02","51.11","CALGARY INT'L A","3031093","2012-07-20 16:00","2012","07","20","16:00"
"-114.02","51.11","CALGARY INT'L A","3031093","2012-07-20 17:00","2012","07","20","17:00"
"-114.02","51.11","CALGARY INT'L A","3031093","2012-07-20 18:00","2012","07","20","18:00"
"-114.02","51.11","CALGARY INT'L A","3031093","2012-07-20 19:00","2012","07","20","19:00"
"-114.02","51.11","CALGARY INT'L A","3031093","2012-07-20 20:00","2012","07","20","20:00"
"-114.02","51.11","CALGARY INT'L A","3031093","2012-07-20 21:00","2012","07","20","21:00"
"-114.02","51.11","CALGARY INT'L A","3031093","2012-07-20 22:00","2012","07","20","22:00"
"-114.02","51.11","CALGARY INT'L A","3031093","2012-07-20 23:00","2012","07","20","23:00"
"-114.02","51.11","CALGARY INT'L A","3031093","2012-07-21 00:00","2012","07","21","00:00"
"-114.02","51.11","CALGARY INT'L A","3031093","2012-07-21 01:00","2012","07","21","01:00"
"-114.02","51.11","CALGARY INT'L A","3031093","2012-07-21 02:00","2012","07","21","02:00"
"-114.02","51.11","CALGARY INT'L A","3031093","2012-07-21 03:00","2012","07","21","03:00"
"-114.02","51.11","CALGARY INT'L A","3031093","2012-07-21 04:00","2012","07","21","04:00"
"-114.02","51.11","CALGARY INT'L A","3031093","2012-07-21 05:00","2012","07","21","05:00"
"-114.02","51.11","CALGARY INT'L A","3031093","2012-07-21 06:00","2012","07","21","06:00"
"-114.02","51.11","CALGARY INT'L A","3031093","2012-07-21 07:00","2012","07","21","07:00"
"-114.02","51.11","CALGARY INT'L A","3031093","2012-07-21 08:00","2012","07","21","08:00"
"-114.02","51.11","CALGARY INT'L A","3031093","2012-07-21 09:00","2012","07","21","09:00"
"-114.02","51.11","CALGARY INT'L A","3031093","2012-07-21 10:00","2012","07","21","10:00"
"-114.02","51.11","CALGARY INT'L A","3031093","2012-07-21 11:00","2012","07","21","11:00"
"-114.02","51.11","CALGARY INT'L A","3031093","2012-07-21 12:00","2012","07","21","12:00"
"-114.02","51.11","CALGARY INT'L A","3031093","2012-07-21 13:00","2012","07","21","13:00"
"-114.02","51.11","CALGARY INT'L A","3031093","2012-07-21 14:00","2012","07","21","14:00"
"-114.02","51.11","CALGARY INT'L A","3031093","2012-07-21 15:00","2012","07","21","15:00"
"-114.02","51.11","CALGARY INT'L A","3031093","2012-07-21 16:00","2012","07","21","16:00"
"-114.02","51.11","CALGARY INT'L A","3031093","2012-07-21 17:00","2012","07","21","17:00"
"-114.02","51.11","CALGARY INT'L A","3031093","2012-07-21 18:00","2012","07","21","18:00"
"-114.02","51.11","CALGARY INT'L A","3031093","2012-07-21 19:00","2012","07","21","19:00"
"-114.02","51.11","CALGARY INT'L A","3031093","2012-07-21 20:00","2012","07","21","20:00"
"-114.02","51.11","CALGARY INT'L A","3031093","2012-07-21 21:00","2012","07","21","21:00"
"-114.02","51.11","CALGARY INT'L A","3031093","2012-07-21 22:00","2012","07","21","22:00"
"-114.02","51.11","CALGARY INT'L A","3031093","2012-07-21 23:00","2012","07","21","23:00"
"-114.02","51.11","CALGARY INT'L A","3031093","2012-07-22 00:00","2012","07","22","00:00"
"-114.02","51.11","CALGARY INT'L A","3031093","2012-07-22 01:00","2012","07","22","01:00"
"-114.02","51.11","CALGARY INT'L A","3031093","2012-07-22 02:00","2012","07","22","02:00"
"-114.02","51.11","CALGARY INT'L A","3031093","2012-07-22 03:00","2012","07","22","03:00"
"-114.02","51.11","CALGARY INT'L A","3031093","2012-07-22 04:00","2012","07","22","04:00"
"-114.02","51.11","CALGARY INT'L A","3031093","2012-07-22 05:00","2012","07","22","05:00"
"-114.02","51.11","CALGARY INT'L A","3031093","2012-07-22 06:00","2012","07","22","06:00"
"-114.02","51.11","CALGARY INT'L A","3031093","2012-07-22 07:00","2012","07","22","07:00"
"-114.02","51.11","CALGARY INT'L A","3031093","2012-07-22 08:00","2012","07","22","08:00"
"-114.02","51.11","CALGARY INT'L A","3031093","2012-07-22 09:00","2012","07","22","09:00"
"-114.02","51.11","CALGARY INT'L A","3031093","2012-07-22 10:00","2012","07","22","10:00"
"-114.02","51.11","CALGARY INT'L A","3031093","2012-07-22 11:00","2012","07","22","11:00"
"-114.02","51.11","CALGARY INT'L A","3031093","2012-07-22 12:00","2012","07","22","12:00"
"-114.02","51.11","CALGARY INT'L A","3031093","2012-07-22 13:00","2012","07","22","13:00"
"-114.02","51.11","CALGARY INT'L A","3031093","2012-07-22 14:00","2012","07","22","14:00"
"-114.02","51.11","CALGARY INT'L A","3031093","2012-07-22 15:00","2012","07","22","15:00"
"-114.02","51.11","CALGARY INT'L A","3031093","2012-07-22 16:00","2012","07","22","16:00"
"-114.02","51.11","CALGARY INT'L A","3031093","2012-07-22 17:00","2012","07","22","17:00"
"-114.02","51.11","CALGARY INT'L A","3031093","2012-07-22 18:00","2012","07","22","18:00"
"-114.02","51.11","CALGARY INT'L A","3031093","2012-07-22 19:00","2012","07","22","19:00"
"-114.02","51.11","CALGARY INT'L A","3031093","2012-07-22 20:00","2012","07","22","20:00"
"-114.02","51.11","CALGARY INT'L A","3031093","2012-07-22 21:00","2012","07","22","21:00"
"-114.02","51.11","CALGARY INT'L A","3031093","2012-07-22 22:00","2012","07","22","22:00"
"-114.02","51.11","CALGARY INT'L A","3031093","2012-07-22 23:00","2012","07","22","23:00"
"-114.02","51.11","CALGARY INT'L A","3031093","2012-07-23 00:00","2012","07","23","00:00"
"-114.02","51.11","CALGARY INT'L A","3031093","2012-07-23 01:00","2012","07","23","01:00"
"-114.02","51.11","CALGARY INT'L A","3031093","2012-07-23 02:00","2012","07","23","02:00"
"-114.02","51.11","CALGARY INT'L A","3031093","2012-07-23 03:00","2012","07","23","03:00"
"-114.02","51.11","CALGARY INT'L A","3031093","2012-07-23 04:00","2012","07","23","04:00"
"-114.02","51.11","CALGARY INT'L A","3031093","2012-07-23 05:00","2012","07","23","05:00"
"-114.02","51.11","CALGARY INT'L A","3031093","2012-07-23 06:00","2012","07","23","06:00"
"-114.02","51.11","CALGARY INT'L A","3031093","2012-07-23 07:00","2012","07","23","07:00"
"-114.02","51.11","CALGARY INT'L A","3031093","2012-07-23 08:00","2012","07","23","08:00"
"-114.02","51.11","CALGARY INT'L A","3031093","2012-07-23 09:00","2012","07","23","09:00"
"-114.02","51.11","CALGARY INT'L A","3031093","2012-07-23 10:00","2012","07","23","10:00"
"-114.02","51.11","CALGARY INT'L A","3031093","2012-07-23 11:00","2012","07","23","11:00"
"-114.02","51.11","CALGARY INT'L A","3031093","2012-07-23 12:00","2012","07","23","12:00"
"-114.02","51.11","CALGARY INT'L A","3031093","2012-07-23 13:00","2012","07","23","13:00"
"-114.02","51.11","CALGARY INT'L A","3031093","2012-07-23 14:00","2012","07","23","14:00"
"-114.02","51.11","CALGARY INT'L A","3031093","2012-07-23 15:00","2012","07","23","15:00"
"-114.02","51.11","CALGARY INT'L A","3031093","2012-07-23 16:00","2012","07","23","16:00"
"-114.02","51.11","CALGARY INT'L A","3031093","2012-07-23 17:00","2012","07","23","17:00"
"-114.02","51.11","CALGARY INT'L A","3031093","2012-07-23 18:00","2012","07","23","18:00"
"-114.02","51.11","CALGARY INT'L A","3031093","2012-07-23 19:00","2012","07","23","19:00"
"-114.02","51.11","CALGARY INT'L A","3031093","2012-07-23 20:00","2012","07","23","20:00"
"-114.02","51.11","CALGARY INT'L A","3031093","2012-07-23 21:00","2012","07","23","21:00"
"-114.02","51.11","CALGARY INT'L A","3031093","2012-07-23 22:00","2012","07","23","22:00"
"-114.02","51.11","CALGARY INT'L A","3031093","2012-07-23 23:00","2012","07","23","23:00"
"-114.02","51.11","CALGARY INT'L A","3031093","2012-07-24 00:00","2012","07","24","00:00"
"-114.02","51.11","CALGARY INT'L A","3031093","2012-07-24 01:00","2012","07","24","01:00"
"-114.02","51.11","CALGARY INT'L A","3031093","2012-07-24 02:00","2012","07","24","02:00"
"-114.02","51.11","CALGARY INT'L A","3031093","2012-07-24 03:00","2012","07","24","03:00"
"-114.02","51.11","CALGARY INT'L A","3031093","2012-07-24 04:00","2012","07","24","04:00"
"-114.02","51.11","CALGARY INT'L A","3031093","2012-07-24 05:00","2012","07","24","05:00"
"-114.02","51.11","CALGARY INT'L A","3031093","2012-07-24 06:00","2012","07","24","06:00"
"-114.02","51.11","CALGARY INT'L A","3031093","2012-07-24 07:00","2012","07","24","07:00"
"-114.02","51.11","CALGARY INT'L A","3031093","2012-07-24 08:00","2012","07","24","08:00"
"-114.02","51.11","CALGARY INT'L A","3031093","2012-07-24 09:00","2012","07","24","09:00"
"-114.02","51.11","CALGARY INT'L A","3031093","2012-07-24 10:00","2012","07","24","10:00"
"-114.02","51.11","CALGARY INT'L A","3031093","2012-07-24 11:00","2012","07","24","11:00"
"-114.02","51.11","CALGARY INT'L A","3031093","2012-07-24 12:00","2012","07","24","12:00"
"-114.02","51.11","CALGARY INT'L A","3031093","2012-07-24 13:00","2012","07","24","13:00"
"-114.02","51.11","CALGARY INT'L A","3031093","2012-07-24 14:00","2012","07","24","14:00"
"-114.02","51.11","CALGARY INT'L A","3031093","2012-07-24 15:00","2012","07","24","15:00"
"-114.02","51.11","CALGARY INT'L A","3031093","2012-07-24 16:00","2012","07","24","16:00"
"-114.02","51.11","CALGARY INT'L A","3031093","2012-07-24 17:00","2012","07","24","17:00"
"-114.02","51.11","CALGARY INT'L A","3031093","2012-07-24 18:00","2012","07","24","18:00"
"-114.02","51.11","CALGARY INT'L A","3031093","2012-07-24 19:00","2012","07","24","19:00"
"-114.02","51.11","CALGARY INT'L A","3031093","2012-07-24 20:00","2012","07","24","20:00"
"-114.02","51.11","CALGARY INT'L A","3031093","2012-07-24 21:00","2012","07","24","21:00"
"-114.02","51.11","CALGARY INT'L A","3031093","2012-07-24 22:00","2012","07","24","22:00"
"-114.02","51.11","CALGARY INT'L A","3031093","2012-07-24 23:00","2012","07","24","23:00"
"-114.02","51.11","CALGARY INT'L A","3031093","2012-07-25 00:00","2012","07","25","00:00"
"-114.02","51.11","CALGARY INT'L A","3031093","2012-07-25 01:00","2012","07","25","01:00"
"-114.02","51.11","CALGARY INT'L A","3031093","2012-07-25 02:00","2012","07","25","02:00"
"-114.02","51.11","CALGARY INT'L A","3031093","2012-07-25 03:00","2012","07","25","03:00"
"-114.02","51.11","CALGARY INT'L A","3031093","2012-07-25 04:00","2012","07","25","04:00"
"-114.02","51.11","CALGARY INT'L A","3031093","2012-07-25 05:00","2012","07","25","05:00"
"-114.02","51.11","CALGARY INT'L A","3031093","2012-07-25 06:00","2012","07","25","06:00"
"-114.02","51.11","CALGARY INT'L A","3031093","2012-07-25 07:00","2012","07","25","07:00"
"-114.02","51.11","CALGARY INT'L A","3031093","2012-07-25 08:00","2012","07","25","08:00"
"-114.02","51.11","CALGARY INT'L A","3031093","2012-07-25 09:00","2012","07","25","09:00"
"-114.02","51.11","CALGARY INT'L A","3031093","2012-07-25 10:00","2012","07","25","10:00"
"-114.02","51.11","CALGARY INT'L A","3031093","2012-07-25 11:00","2012","07","25","11:00"
"-114.02","51.11","CALGARY INT'L A","3031093","2012-07-25 12:00","2012","07","25","12:00"
"-114.02","51.11","CALGARY INT'L A","3031093","2012-07-25 13:00","2012","07","25","13:00"
"-114.02","51.11","CALGARY INT'L A","3031093","2012-07-25 14:00","2012","07","25","14:00"
"-114.02","51.11","CALGARY INT'L A","3031093","2012-07-25 15:00","2012","07","25","15:00"
"-114.02","51.11","CALGARY INT'L A","3031093","2012-07-25 16:00","2012","07","25","16:00"
"-114.02","51.11","CALGARY INT'L A","3031093","2012-07-25 17:00","2012","07","25","17:00"
"-114.02","51.11","CALGARY INT'L A","3031093","2012-07-25 18:00","2012","07","25","18:00"
"-114.02","51.11","CALGARY INT'L A","3031093","2012-07-25 19:00","2012","07","25","19:00"
"-114.02","51.11","CALGARY INT'L A","3031093","2012-07-25 20:00","2012","07","25","20:00"
"-114.02","51.11","CALGARY INT'L A","3031093","2012-07-25 21:00","2012","07","25","21:00"
"-114.02","51.11","CALGARY INT'L A","3031093","2012-07-25 22:00","2012","07","25","22:00"
"-114.02","51.11","CALGARY INT'L A","3031093","2012-07-25 23:00","2012","07","25","23:00"
"-114.02","51.11","CALGARY INT'L A","3031093","2012-07-26 00:00","2012","07","26","00:00"
"-114.02","51.11","CALGARY INT'L A","3031093","2012-07-26 01:00","2012","07","26","01:00"
"-114.02","51.11","CALGARY INT'L A","3031093","2012-07-26 02:00","2012","07","26","02:00"
"-114.02","51.11","CALGARY INT'L A","3031093","2012-07-26 03:00","2012","07","26","03:00"
"-114.02","51.11","CALGARY INT'L A","3031093","2012-07-26 04:00","2012","07","26","04:00"
"-114.02","51.11","CALGARY INT'L A","3031093","2012-07-26 05:00","2012","07","26","05:00"
"-114.02","51.11","CALGARY INT'L A","3031093","2012-07-26 06:00","2012","07","26","06:00"
"-114.02","51.11","CALGARY INT'L A","3031093","2012-07-26 07:00","2012","07","26","07:00"
"-114.02","51.11","CALGARY INT'L A","3031093","2012-07-26 08:00","2012","07","26","08:00"
"-114.02","51.11","CALGARY INT'L A","3031093","2012-07-26 09:00","2012","07","26","09:00"
"-114.02","51.11","CALGARY INT'L A","3031093","2012-07-26 10:00","2012","07","26","10:00"
"-114.02","51.11","CALGARY INT'L A","3031093","2012-07-26 11:00","2012","07","26","11:00"
"-114.02","51.11","CALGARY INT'L A","3031093","2012-07-26 12:00","2012","07","26","12:00"
"-114.02","51.11","CALGARY INT'L A","3031093","2012-07-26 13:00","2012","07","26","13:00"
"-114.02","51.11","CALGARY INT'L A","3031093","2012-07-26 14:00","2012","07","26","14:00"
"-114.02","51.11","CALGARY INT'L A","3031093","2012-07-26 15:00","2012","07","26","15:00"
"-114.02","51.11","CALGARY INT'L A","3031093","2012-07-26 16:00","2012","07","26","16:00"
"-114.02","51.11","CALGARY INT'L A","3031093","2012-07-26 17:00","2012","07","26","17:00"
"-114.02","51.11","CALGARY INT'L A","3031093","2012-07-26 18:00","2012","07","26","18:00"
"-114.02","51.11","CALGARY INT'L A","3031093","2012-07-26 19:00","2012","07","26","19:00"
"-114.02","51.11","CALGARY INT'L A","3031093","2012-07-26 20:00","2012","07","26","20:00"
"-114.02","51.11","CALGARY INT'L A","3031093","2012-07-26 21:00","2012","07","26","21:00"
"-114.02","51.11","CALGARY INT'L A","3031093","2012-07-26 22:00","2012","07","26","22:00"
"-114.02","51.11","CALGARY INT'L A","3031093","2012-07-26 23:00","2012","07","26","23:00"
"-114.02","51.11","CALGARY INT'L A","3031093","2012-07-27 00:00","2012","07","27","00:00"
"-114.02","51.11","CALGARY INT'L A","3031093","2012-07-27 01:00","2012","07","27","01:00"
"-114.02","51.11","CALGARY INT'L A","3031093","2012-07-27 02:00","2012","07","27","02:00"
"-114.02","51.11","CALGARY INT'L A","3031093","2012-07-27 03:00","2012","07","27","03:00"
"-114.02","51.11","CALGARY INT'L A","3031093","2012-07-27 04:00","2012","07","27","04:00"
"-114.02","51.11","CALGARY INT'L A","3031093","2012-07-27 05:00","2012","07","27","05:00"
"-114.02","51.11","CALGARY INT'L A","3031093","2012-07-27 06:00","2012","07","27","06:00"
"-114.02","51.11","CALGARY INT'L A","3031093","2012-07-27 07:00","2012","07","27","07:00"
"-114.02","51.11","CALGARY INT'L A","3031093","2012-07-27 08:00","2012","07","27","08:00"
"-114.02","51.11","CALGARY INT'L A","3031093","2012-07-27 09:00","2012","07","27","09:00"
"-114.02","51.11","CALGARY INT'L A","3031093","2012-07-27 10:00","2012","07","27","10:00"
"-114.02","51.11","CALGARY INT'L A","3031093","2012-07-27 11:00","2012","07","27","11:00"
"-114.02","51.11","CALGARY INT'L A","3031093","2012-07-27 12:00","2012","07","27","12:00"
"-114.02","51.11","CALGARY INT'L A","3031093","2012-07-27 13:00","2012","07","27","13:00"
"-114.02","51.11","CALGARY INT'L A","3031093","2012-07-27 14:00","2012","07","27","14:00"
"-114.02","51.11","CALGARY INT'L A","3031093","2012-07-27 15:00","2012","07","27","15:00"
"-114.02","51.11","CALGARY INT'L A","3031093","2012-07-27 16:00","2012","07","27","16:00"
"-114.02","51.11","CALGARY INT'L A","3031093","2012-07-27 17:00","2012","07","27","17:00"
"-114.02","51.11","CALGARY INT'L A","3031093","2012-07-27 18:00","2012","07","27","18:00"
"-114.02","51.11","CALGARY INT'L A","3031093","2012-07-27 19:00","2012","07","27","19:00"
"-114.02","51.11","CALGARY INT'L A","3031093","2012-07-27 20:00","2012","07","27","20:00"
"-114.02","51.11","CALGARY INT'L A","3031093","2012-07-27 21:00","2012","07","27","21:00"
"-114.02","51.11","CALGARY INT'L A","3031093","2012-07-27 22:00","2012","07","27","22:00"
"-114.02","51.11","CALGARY INT'L A","3031093","2012-07-27 23:00","2012","07","27","23:00"
"-114.02","51.11","CALGARY INT'L A","3031093","2012-07-28 00:00","2012","07","28","00:00"
"-114.02","51.11","CALGARY INT'L A","3031093","2012-07-28 01:00","2012","07","28","01:00"
"-114.02","51.11","CALGARY INT'L A","3031093","2012-07-28 02:00","2012","07","28","02:00"
"-114.02","51.11","CALGARY INT'L A","3031093","2012-07-28 03:00","2012","07","28","03:00"
"-114.02","51.11","CALGARY INT'L A","3031093","2012-07-28 04:00","2012","07","28","04:00"
"-114.02","51.11","CALGARY INT'L A","3031093","2012-07-28 05:00","2012","07","28","05:00"
"-114.02","51.11","CALGARY INT'L A","3031093","2012-07-28 06:00","2012","07","28","06:00"
"-114.02","51.11","CALGARY INT'L A","3031093","2012-07-28 07:00","2012","07","28","07:00"
"-114.02","51.11","CALGARY INT'L A","3031093","2012-07-28 08:00","2012","07","28","08:00"
"-114.02","51.11","CALGARY INT'L A","3031093","2012-07-28 09:00","2012","07","28","09:00"
"-114.02","51.11","CALGARY INT'L A","3031093","2012-07-28 10:00","2012","07","28","10:00"
"-114.02","51.11","CALGARY INT'L A","3031093","2012-07-28 11:00","2012","07","28","11:00"
"-114.02","51.11","CALGARY INT'L A","3031093","2012-07-28 12:00","2012","07","28","12:00"
"-114.02","51.11","CALGARY INT'L A","3031093","2012-07-28 13:00","2012","07","28","13:00"
"-114.02","51.11","CALGARY INT'L A","3031093","2012-07-28 14:00","2012","07","28","14:00"
"-114.02","51.11","CALGARY INT'L A","3031093","2012-07-28 15:00","2012","07","28","15:00"
"-114.02","51.11","CALGARY INT'L A","3031093","2012-07-28 16:00","2012","07","28","16:00"
"-114.02","51.11","CALGARY INT'L A","3031093","2012-07-28 17:00","2012","07","28","17:00"
"-114.02","51.11","CALGARY INT'L A","3031093","2012-07-28 18:00","2012","07","28","18:00"
"-114.02","51.11","CALGARY INT'L A","3031093","2012-07-28 19:00","2012","07","28","19:00"
"-114.02","51.11","CALGARY INT'L A","3031093","2012-07-28 20:00","2012","07","28","20:00"
"-114.02","51.11","CALGARY INT'L A","3031093","2012-07-28 21:00","2012","07","28","21:00"
"-114.02","51.11","CALGARY INT'L A","3031093","2012-07-28 22:00","2012","07","28","22:00"
"-114.02","51.11","CALGARY INT'L A","3031093","2012-07-28 23:00","2012","07","28","23:00"
"-114.02","51.11","CALGARY INT'L A","3031093","2012-07-29 00:00","2012","07","29","00:00"
"-114.02","51.11","CALGARY INT'L A","3031093","2012-07-29 01:00","2012","07","29","01:00"
"-114.02","51.11","CALGARY INT'L A","3031093","2012-07-29 02:00","2012","07","29","02:00"
"-114.02","51.11","CALGARY INT'L A","3031093","2012-07-29 03:00","2012","07","29","03:00"
"-114.02","51.11","CALGARY INT'L A","3031093","2012-07-29 04:00","2012","07","29","04:00"
"-114.02","51.11","CALGARY INT'L A","3031093","2012-07-29 05:00","2012","07","29","05:00"
"-114.02","51.11","CALGARY INT'L A","3031093","2012-07-29 06:00","2012","07","29","06:00"
"-114.02","51.11","CALGARY INT'L A","3031093","2012-07-29 07:00","2012","07","29","07:00"
"-114.02","51.11","CALGARY INT'L A","3031093","2012-07-29 08:00","2012","07","29","08:00"
"-114.02","51.11","CALGARY INT'L A","3031093","2012-07-29 09:00","2012","07","29","09:00"
"-114.02","51.11","CALGARY INT'L A","3031093","2012-07-29 10:00","2012","07","29","10:00"
"-114.02","51.11","CALGARY INT'L A","3031093","2012-07-29 11:00","2012","07","29","11:00"
"-114.02","51.11","CALGARY INT'L A","3031093","2012-07-29 12:00","2012","07","29","12:00"
"-114.02","51.11","CALGARY INT'L A","3031093","2012-07-29 13:00","2012","07","29","13:00"
"-114.02","51.11","CALGARY INT'L A","3031093","2012-07-29 14:00","2012","07","29","14:00"
"-114.02","51.11","CALGARY INT'L A","3031093","2012-07-29 15:00","2012","07","29","15:00"
"-114.02","51.11","CALGARY INT'L A","3031093","2012-07-29 16:00","2012","07","29","16:00"
"-114.02","51.11","CALGARY INT'L A","3031093","2012-07-29 17:00","2012","07","29","17:00"
"-114.02","51.11","CALGARY INT'L A","3031093","2012-07-29 18:00","2012","07","29","18:00"
"-114.02","51.11","CALGARY INT'L A","3031093","2012-07-29 19:00","2012","07","29","19:00"
"-114.02","51.11","CALGARY INT'L A","3031093","2012-07-29 20:00","2012","07","29","20:00"
"-114.02","51.11","CALGARY INT'L A","3031093","2012-07-29 21:00","2012","07","29","21:00"
"-114.02","51.11","CALGARY INT'L A","3031093","2012-07-29 22:00","2012","07","29","22:00"
"-114.02","51.11","CALGARY INT'L A","3031093","2012-07-29 23:00","2012","07","29","23:00"
"-114.02","51.11","CALGARY INT'L A","3031093","2012-07-30 00:00","2012","07","30","00:00"
"-114.02","51.11","CALGARY INT'L A","3031093","2012-07-30 01:00","2012","07","30","01:00"
"-114.02","51.11","CALGARY INT'L A","3031093","2012-07-30 02:00","2012","07","30","02:00"
"-114.02","51.11","CALGARY INT'L A","3031093","2012-07-30 03:00","2012","07","30","03:00"
"-114.02","51.11","CALGARY INT'L A","3031093","2012-07-30 04:00","2012","07","30","04:00"
"-114.02","51.11","CALGARY INT'L A","3031093","2012-07-30 05:00","2012","07","30","05:00"
"-114.02","51.11","CALGARY INT'L A","3031093","2012-07-30 06:00","2012","07","30","06:00"
"-114.02","51.11","CALGARY INT'L A","3031093","2012-07-30 07:00","2012","07","30","07:00"
"-114.02","51.11","CALGARY INT'L A","3031093","2012-07-30 08:00","2012","07","30","08:00"
"-114.02","51.11","CALGARY INT'L A","3031093","2012-07-30 09:00","2012","07","30","09:00"
"-114.02","51.11","CALGARY INT'L A","3031093","2012-07-30 10:00","2012","07","30","10:00"
"-114.02","51.11","CALGARY INT'L A","3031093","2012-07-30 11:00","2012","07","30","11:00"
"-114.02","51.11","CALGARY INT'L A","3031093","2012-07-30 12:00","2012","07","30","12:00"
"-114.02","51.11","CALGARY INT'L A","3031093","2012-07-30 13:00","2012","07","30","13:00"
"-114.02","51.11","CALGARY INT'L A","3031093","2012-07-30 14:00","2012","07","30","14:00"
"-114.02","51.11","CALGARY INT'L A","3031093","2012-07-30 15:00","2012","07","30","15:00"
"-114.02","51.11","CALGARY INT'L A","3031093","2012-07-30 16:00","2012","07","30","16:00"
"-114.02","51.11","CALGARY INT'L A","3031093","2012-07-30 17:00","2012","07","30","17:00"
"-114.02","51.11","CALGARY INT'L A","3031093","2012-07-30 18:00","2012","07","30","18:00"
"-114.02","51.11","CALGARY INT'L A","3031093","2012-07-30 19:00","2012","07","30","19:00"
"-114.02","51.11","CALGARY INT'L A","3031093","2012-07-30 20:00","2012","07","30","20:00"
"-114.02","51.11","CALGARY INT'L A","3031093","2012-07-30 21:00","2012","07","30","21:00"
"-114.02","51.11","CALGARY INT'L A","3031093","2012-07-30 22:00","2012","07","30","22:00"
"-114.02","51.11","CALGARY INT'L A","3031093","2012-07-30 23:00","2012","07","30","23:00"
"-114.02","51.11","CALGARY INT'L A","3031093","2012-07-31 00:00","2012","07","31","00:00"
"-114.02","51.11","CALGARY INT'L A","3031093","2012-07-31 01:00","2012","07","31","01:00"
"-114.02","51.11","CALGARY INT'L A","3031093","2012-07-31 02:00","2012","07","31","02:00"
"-114.02","51.11","CALGARY INT'L A","3031093","2012-07-31 03:00","2012","07","31","03:00"
"-114.02","51.11","CALGARY INT'L A","3031093","2012-07-31 04:00","2012","07","31","04:00"
"-114.02","51.11","CALGARY INT'L A","3031093","2012-07-31 05:00","2012","07","31","05:00"
"-114.02","51.11","CALGARY INT'L A","3031093","2012-07-31 06:00","2012","07","31","06:00"
"-114.02","51.11","CALGARY INT'L A","3031093","2012-07-31 07:00","2012","07","31","07:00"
"-114.02","51.11","CALGARY INT'L A","3031093","2012-07-31 08:00","2012","07","31","08:00"
"-114.02","51.11","CALGARY INT'L A","3031093","2012-07-31 09:00","2012","07","31","09:00"
"-114.02","51.11","CALGARY INT'L A","3031093","2012-07-31 10:00","2012","07","31","10:00"
"-114.02","51.11","CALGARY INT'L A","3031093","2012-07-31 11:00","2012","07","31","11:00"
"-114.02","51.11","CALGARY INT'L A","3031093","2012-07-31 12:00","2012","07","31","12:00"
"-114.02","51.11","CALGARY INT'L A","3031093","2012-07-31 13:00","2012","07","31","13:00"
"-114.02","51.11","CALGARY INT'L A","3031093","2012-07-31 14:00","2012","07","31","14:00"
"-114.02","51.11","CALGARY INT'L A","3031093","2012-07-31 15:00","2012","07","31","15:00"
"-114.02","51.11","CALGARY INT'L A","3031093","2012-07-31 16:00","2012","07","31","16:00"
"-114.02","51.11","CALGARY INT'L A","3031093","2012-07-31 17:00","2012","07","31","17:00"
"-114.02","51.11","CALGARY INT'L A","3031093","2012-07-31 18:00","2012","07","31","18:00"
"-114.02","51.11","CALGARY INT'L A","3031093","2012-07-31 19:00","2012","07","31","19:00"
"-114.02","51.11","CALGARY INT'L A","3031093","2012-07-31 20:00","2012","07","31","20:00"
"-114.02","51.11","CALGARY INT'L A","3031093","2012-07-31 21:00","2012","07","31","21:00"
"-114.02","51.11","CALGARY INT'L A","3031093","2012-07-31 22:00","2012","07","31","22:00"
"-114.02","51.11","CALGARY INT'L A","3031093","2012-07-31 23:00","2012","07","31","23:00"
